status	portal	country	company	title	location	posted	source	url
new	LinkedIn	Uruguay	++hellohello	Sr. Project Manager	Montevideo, Uruguay	2026-06-08	IT Manager	https://uy.linkedin.com/jobs/view/sr-project-manager-at-%2B%2Bhellohello-4425620617
new	LinkedIn	Argentina	A Hiring Group	Rebate Program Project Manager	Argentina	2026-05-22	Technical Project Manager	https://ar.linkedin.com/jobs/view/rebate-program-project-manager-at-a-hiring-group-4414352248
new	LinkedIn	Argentina	Accenture Argentina	Project Manager	Greater Buenos Aires	2026-06-03	Project Manager IT	https://ar.linkedin.com/jobs/view/project-manager-at-accenture-argentina-4414793805
new	LinkedIn	Chile	ACL	Líder Técnico de Infraestructura TI	Santiago, Santiago Metropolitan Region, Chile	2026-06-09	Jefe de Infraestructura	https://cl.linkedin.com/jobs/view/l%C3%ADder-t%C3%A9cnico-de-infraestructura-ti-at-acl-4422732298
new	LinkedIn	Argentina	Acsys	DevOps Engineer	Argentina	2026-06-08	DevOps	https://ar.linkedin.com/jobs/view/devops-engineer-at-acsys-4421986141
new	LinkedIn	Argentina	AgileEngine	Application Security Engineer	Argentina	2026-06-10	Security Engineer	https://ar.linkedin.com/jobs/view/application-security-engineer-at-agileengine-4426151406
new	LinkedIn	Argentina	AgileEngine	Senior Project Manager ID69238	Mendoza, Mendoza, Argentina	2026-06-10	Gerente de Sistemas	https://ar.linkedin.com/jobs/view/senior-project-manager-id69238-at-agileengine-4426619528
new	LinkedIn	Argentina	AgileEngine	Senior Project Manager ID69238	San Carlos de Bariloche, Río Negro Province, Argentina	2026-06-10	Gerente de Sistemas	https://ar.linkedin.com/jobs/view/senior-project-manager-id69238-at-agileengine-4426613543
new	LinkedIn	Argentina	AgileEngine	Senior Project Manager ID69238	Rosario, Santa Fe, Argentina	2026-06-10	Gerente de Sistemas	https://ar.linkedin.com/jobs/view/senior-project-manager-id69238-at-agileengine-4426605820
new	LinkedIn	Argentina	AgileEngine	Senior Project Manager ID69238	Buenos Aires, Buenos Aires Province, Argentina	2026-06-10	Gerente de Sistemas	https://ar.linkedin.com/jobs/view/senior-project-manager-id69238-at-agileengine-4426626323
new	LinkedIn	Argentina	AgileEngine	Senior Project Manager ID69238	Cordoba, Córdoba, Argentina	2026-06-10	Gerente de Sistemas	https://ar.linkedin.com/jobs/view/senior-project-manager-id69238-at-agileengine-4426604788
new	LinkedIn	Argentina	AgileEngine	Senior Project Manager ID69238	Mar del Plata, Buenos Aires Province, Argentina	2026-06-10	Gerente de Sistemas	https://ar.linkedin.com/jobs/view/senior-project-manager-id69238-at-agileengine-4426617465
new	LinkedIn	Argentina	AgileEngine	Senior Project Manager ID69238	San Miguel de Tucumán, Tucumán, Argentina	2026-06-10	Project Manager IT	https://ar.linkedin.com/jobs/view/senior-project-manager-id69238-at-agileengine-4426608581
new	LinkedIn	Argentina	AgileEngine	Senior Project Manager ID69238	Santiago del Estero, Santiago del Estero, Argentina	2026-06-10	Project Manager IT	https://ar.linkedin.com/jobs/view/senior-project-manager-id69238-at-agileengine-4426611597
new	LinkedIn	Argentina	AgilityIO	Platform Engineer / Solutions Architect	Argentina	2026-06-08	Platform Engineer	https://ar.linkedin.com/jobs/view/platform-engineer-solutions-architect-at-agilityio-4421998525
new	LinkedIn	Uruguay	Akua	Cybersecurity Engineer	Uruguay	2026-06-10	Security Engineer	https://uy.linkedin.com/jobs/view/cybersecurity-engineer-at-akua-4426138345
new	LinkedIn	Chile	Amaris Consulting	DevOps Engineer	Santiago, Santiago Metropolitan Region, Chile	2026-06-03	DevOps	https://cl.linkedin.com/jobs/view/devops-engineer-at-amaris-consulting-4420130848
new	LinkedIn	Chile	Amazon Web Services (AWS)	Solutions Architect, AWS	Providencia, Santiago Metropolitan Region, Chile	2026-06-03	AWS Cloud Engineer	https://cl.linkedin.com/jobs/view/solutions-architect-aws-at-amazon-web-services-aws-4422928348
new	LinkedIn	Chile	Amazon Web Services (AWS)	Solutions Architect, AWS	Providencia, Santiago Metropolitan Region, Chile	2026-06-02	AWS Cloud Engineer	https://cl.linkedin.com/jobs/view/solutions-architect-aws-at-amazon-web-services-aws-4422387203
new	LinkedIn	Chile	Amazon Web Services (AWS)	Solutions Architect, AWS	Providencia, Santiago Metropolitan Region, Chile	2026-06-11	AWS Cloud Engineer	https://cl.linkedin.com/jobs/view/solutions-architect-aws-at-amazon-web-services-aws-4398506711
new	LinkedIn	Chile	Apply Digital	Sr Project Manager	Chile	2026-06-02	Gerente de Sistemas	https://cl.linkedin.com/jobs/view/sr-project-manager-at-apply-digital-4422484890
new	LinkedIn	Chile	Apply Digital	Sr Project Manager	Santiago, Santiago Metropolitan Region, Chile	2026-06-02	Gerente de Sistemas	https://cl.linkedin.com/jobs/view/sr-project-manager-at-apply-digital-4422600811
new	LinkedIn	Chile	Aquabyte	DevOps Engineer	Puerto Varas, Los Lagos Region, Chile	2025-11-25	DevOps	https://cl.linkedin.com/jobs/view/devops-engineer-at-aquabyte-4339102783
new	LinkedIn	Argentina	AspenView Technology Partners	Mid-Level Security Engineer	Argentina	2026-06-10	Security Engineer	https://ar.linkedin.com/jobs/view/mid-level-security-engineer-at-aspenview-technology-partners-4415981912
new	LinkedIn	Chile	ATCOM Chile	Jefe Infraestructura Vial y Ferroviario - Concepción	Concepcion, Biobío Region, Chile	2025-09-23	Jefe de Infraestructura	https://cl.linkedin.com/jobs/view/jefe-infraestructura-vial-y-ferroviario-concepci%C3%B3n-at-atcom-chile-4304068539
new	LinkedIn	Argentina	Athyna	Digital Project Manager	Argentina	2026-06-08	Project Manager IT	https://ar.linkedin.com/jobs/view/digital-project-manager-at-athyna-4425529158
new	LinkedIn	Chile	Atomic - Remote Jobs	Senior Software Engineer — Storage Platform 🖥️⚙️ REMOTE	Santiago, Santiago Metropolitan Region, Chile	2026-05-21	Cloud Engineer	https://cl.linkedin.com/jobs/view/senior-software-engineer-%E2%80%94-storage-platform-%F0%9F%96%A5%EF%B8%8F%E2%9A%99%EF%B8%8F-remote-at-atomic-remote-jobs-4416341809
new	LinkedIn	Chile	Autofin Chile	Jefe de Infraestructura TI y DevOps	Santiago, Santiago Metropolitan Region, Chile	2026-04-29	Jefe de Infraestructura	https://cl.linkedin.com/jobs/view/jefe-de-infraestructura-ti-y-devops-at-autofin-chile-4408546596
new	LinkedIn	Argentina	Avature	Cloud Engineer	Argentina	2026-06-10	Cloud Engineer	https://ar.linkedin.com/jobs/view/cloud-engineer-at-avature-4412932996
new	LinkedIn	Argentina	Avature	Cloud Networking Engineer	Argentina	2026-06-14	Cloud Engineer	https://ar.linkedin.com/jobs/view/cloud-networking-engineer-at-avature-4428651745
new	LinkedIn	Argentina	Avature	Cloud Security Engineer	Argentina	2026-06-14	Security Engineer	https://ar.linkedin.com/jobs/view/cloud-security-engineer-at-avature-4428659673
new	LinkedIn	Argentina	Avature	Platform Engineer, DBA	Argentina	2026-06-02	Infrastructure Engineer	https://ar.linkedin.com/jobs/view/platform-engineer-dba-at-avature-4422481852
new	LinkedIn	Argentina	Avature	Security Specialist, Kubernetes	Argentina	2026-06-10	Security Engineer	https://ar.linkedin.com/jobs/view/security-specialist-kubernetes-at-avature-4412939648
new	LinkedIn	Argentina	Avenga	Middle Advanced CloudOps Engineer	Cordoba, Córdoba, Argentina	2026-06-11	AWS Cloud Engineer	https://ar.linkedin.com/jobs/view/middle-advanced-cloudops-engineer-at-avenga-4416354875
new	LinkedIn	Argentina	Avenga	Senior Project Manager	Cordoba, Córdoba, Argentina	2026-06-12	Project Manager IT	https://ar.linkedin.com/jobs/view/senior-project-manager-at-avenga-4428151602
new	LinkedIn	Argentina	Avenue Code	Senior Site Reliability Engineer (SRE)	Argentina	2026-05-28	Infrastructure Engineer	https://ar.linkedin.com/jobs/view/senior-site-reliability-engineer-sre-at-avenue-code-4416733377
new	LinkedIn	Chile	AVOS Tech | Chile	ingeniero en Redes Cloud	Santiago, Santiago Metropolitan Region, Chile	2026-05-08	Cloud Engineer	https://cl.linkedin.com/jobs/view/ingeniero-en-redes-cloud-at-avos-tech-chile-4411907021
new	LinkedIn	Argentina	Azumo	Cloud Devops Engineer - Latin America - Remote	Chajarí, Entre Ríos Province, Argentina	2026-05-28	DevOps	https://ar.linkedin.com/jobs/view/cloud-devops-engineer-latin-america-remote-at-azumo-4420464917
new	LinkedIn	Argentina	Azumo	Cloud DevOps Engineer - Latin America - Remote	Greater Buenos Aires	2026-02-26	DevOps	https://ar.linkedin.com/jobs/view/cloud-devops-engineer-latin-america-remote-at-azumo-4389023920
new	LinkedIn	Argentina	Azumo	Cloud DevOps Engineer - Latin America - Remote	Argentina	2026-02-26	Cloud Engineer	https://ar.linkedin.com/jobs/view/cloud-devops-engineer-latin-america-remote-at-azumo-4389024843
new	LinkedIn	Uruguay	Azumo	Project Manager - Latin America - Remote	Uruguay	2026-01-08	IT Manager	https://uy.linkedin.com/jobs/view/project-manager-latin-america-remote-at-azumo-4368325217
new	LinkedIn	Argentina	Backblaze	Sr. AI Security Engineer	Argentina	2026-06-09	Security Engineer	https://ar.linkedin.com/jobs/view/sr-ai-security-engineer-at-backblaze-4422221426
new	LinkedIn	Chile	BairesDev	AI Platform Engineer - Remote Work | REF#294683	Chile	2026-06-09	Platform Engineer	https://cl.linkedin.com/jobs/view/ai-platform-engineer-remote-work-ref%23294683-at-bairesdev-4426552504
new	LinkedIn	Chile	BairesDev	AI Platform Engineer - Remote Work | REF#294690	Santiago Metropolitan Region, Chile	2026-06-09	Platform Engineer	https://cl.linkedin.com/jobs/view/ai-platform-engineer-remote-work-ref%23294690-at-bairesdev-4426550532
new	LinkedIn	Chile	BairesDev	AI Platform Engineer - Remote Work | REF#294692	Valparaiso Region, Chile	2026-06-09	Platform Engineer	https://cl.linkedin.com/jobs/view/ai-platform-engineer-remote-work-ref%23294692-at-bairesdev-4426550536
new	LinkedIn	Chile	BairesDev	AWS Cloud Engineer - Remote Work | REF#290834	Chile	2026-06-09	Cloud Engineer	https://cl.linkedin.com/jobs/view/aws-cloud-engineer-remote-work-ref%23290834-at-bairesdev-4420465496
new	LinkedIn	Chile	BairesDev	AWS Cloud Engineer - Remote Work | REF#290840	Santiago Metropolitan Region, Chile	2026-06-09	Cloud Engineer	https://cl.linkedin.com/jobs/view/aws-cloud-engineer-remote-work-ref%23290840-at-bairesdev-4420468225
new	LinkedIn	Chile	BairesDev	AWS Cloud Engineer - Remote Work | REF#294533	Valparaiso Region, Chile	2026-06-09	Cloud Engineer	https://cl.linkedin.com/jobs/view/aws-cloud-engineer-remote-work-ref%23294533-at-bairesdev-4426551489
new	LinkedIn	Chile	BairesDev	AWS Cloud Engineer (Senior) - Remote Work | REF#294517	Chile	2026-06-09	AWS Cloud Engineer	https://cl.linkedin.com/jobs/view/aws-cloud-engineer-senior-remote-work-ref%23294517-at-bairesdev-4426560380
new	LinkedIn	Chile	BairesDev	AWS Cloud Engineer (Senior) - Remote Work | REF#294521	Santiago Metropolitan Region, Chile	2026-06-09	Cloud Engineer	https://cl.linkedin.com/jobs/view/aws-cloud-engineer-senior-remote-work-ref%23294521-at-bairesdev-4426544576
new	LinkedIn	Chile	BairesDev	Cyber Security Engineer - Remote Work | REF#290763	Chile	2026-06-09	Security Engineer	https://cl.linkedin.com/jobs/view/cyber-security-engineer-remote-work-ref%23290763-at-bairesdev-4423240259
new	LinkedIn	Chile	BairesDev	Cyber Security Engineer - Remote Work | REF#290770	Valparaiso Region, Chile	2026-06-09	Security Engineer	https://cl.linkedin.com/jobs/view/cyber-security-engineer-remote-work-ref%23290770-at-bairesdev-4423222457
new	LinkedIn	Chile	BairesDev	Data Platform Engineer - Remote Work | REF#247509	Santiago, Santiago Metropolitan Region, Chile	2025-06-26	Platform Engineer	https://cl.linkedin.com/jobs/view/data-platform-engineer-remote-work-ref%23247509-at-bairesdev-4258061483
new	LinkedIn	Chile	BairesDev	IFS Cloud Engineer - Remote Work | REF#290878	Santiago Metropolitan Region, Chile	2026-06-09	Cloud Engineer	https://cl.linkedin.com/jobs/view/ifs-cloud-engineer-remote-work-ref%23290878-at-bairesdev-4420455817
new	LinkedIn	Chile	BairesDev	IFS Cloud Engineer - Remote Work | REF#294555	Chile	2026-06-09	Platform Engineer	https://cl.linkedin.com/jobs/view/ifs-cloud-engineer-remote-work-ref%23294555-at-bairesdev-4426548498
new	LinkedIn	Chile	BairesDev	Kubernetes Platform Engineer - Remote Work | REF#289462	Chile	2026-05-28	Site Reliability Engineer	https://cl.linkedin.com/jobs/view/kubernetes-platform-engineer-remote-work-ref%23289462-at-bairesdev-4419456180
new	LinkedIn	Uruguay	BairesDev	Project Manager - Remote Work	Uruguay	2026-06-09	IT Manager	https://uy.linkedin.com/jobs/view/project-manager-remote-work-at-bairesdev-4425831764
new	LinkedIn	Chile	BairesDev	Senior IFS Cloud Engineer - Remote Work | REF#290856	Chile	2026-06-09	Infrastructure Engineer	https://cl.linkedin.com/jobs/view/senior-ifs-cloud-engineer-remote-work-ref%23290856-at-bairesdev-4420448974
new	LinkedIn	Chile	BairesDev	Senior IFS Cloud Engineer - Remote Work | REF#290866	Valparaiso Region, Chile	2026-06-09	Infrastructure Engineer	https://cl.linkedin.com/jobs/view/senior-ifs-cloud-engineer-remote-work-ref%23290866-at-bairesdev-4423238303
new	LinkedIn	Chile	BairesDev	Senior Platform Engineer (DevOps / SRE) - Remote Work | REF#294589	Santiago Metropolitan Region, Chile	2026-06-09	AWS Cloud Engineer	https://cl.linkedin.com/jobs/view/senior-platform-engineer-devops-sre-remote-work-ref%23294589-at-bairesdev-4426560419
new	LinkedIn	Chile	BairesDev	Senior Product Owner - Remote Work | REF#284282	Santiago, Santiago Metropolitan Region, Chile	2025-06-26	Product Owner	https://cl.linkedin.com/jobs/view/senior-product-owner-remote-work-ref%23284282-at-bairesdev-4258067038
new	LinkedIn	Argentina	BairesDev	Senior Project Manager - Remote Work	Argentina	2026-06-09	Gerente de Sistemas	https://ar.linkedin.com/jobs/view/senior-project-manager-remote-work-at-bairesdev-4425848632
new	LinkedIn	Chile	BairesDev	Senior Project Manager - Remote Work	Santiago Metropolitan Region, Chile	2026-06-09	Gerente de Sistemas	https://cl.linkedin.com/jobs/view/senior-project-manager-remote-work-at-bairesdev-4425834760
new	LinkedIn	Bolivia	BairesDev	Senior Project Manager - Remote Work	Bolivia	2026-06-09	Gerente de Sistemas	https://bo.linkedin.com/jobs/view/senior-project-manager-remote-work-at-bairesdev-4425837744
new	LinkedIn	Uruguay	BairesDev	Senior Project Manager - Remote Work | REF#280357	Montevideo, Montevideo, Uruguay	2025-06-26	Gerente de Sistemas	https://uy.linkedin.com/jobs/view/senior-project-manager-remote-work-ref%23280357-at-bairesdev-4258059701
new	LinkedIn	Chile	BairesDev	Senior Project Manager - Remote Work | REF#284242	Santiago, Santiago Metropolitan Region, Chile	2025-06-26	Gerente de Sistemas	https://cl.linkedin.com/jobs/view/senior-project-manager-remote-work-ref%23284242-at-bairesdev-4258067031
new	LinkedIn	Chile	Banco de Chile	Analista de Sistemas Sr. - Desarrollo Aplicación Back Office	Santiago, Santiago Metropolitan Region, Chile	2026-05-30	Analista de Sistemas	https://cl.linkedin.com/jobs/view/analista-de-sistemas-sr-desarrollo-aplicaci%C3%B3n-back-office-at-banco-de-chile-4421374328
new	LinkedIn	Bolivia	Banco Unión S.A.	ON-160-2026 PRODUCT OWNER DE ANALÍTICA DE DATOS E IA	Totora, La Paz, Bolivia	2026-06-13	Analista Funcional	https://bo.linkedin.com/jobs/view/on-160-2026-product-owner-de-anal%C3%ADtica-de-datos-e-ia-at-banco-uni%C3%B3n-s-a-4428357754
new	LinkedIn	Bolivia	BancoSol	ESPECIALISTA EN DESARROLLO Y OPERACIÓN DE PLATAFORMAS DEVOPS TI	Totora, La Paz, Bolivia	2026-06-13	DevOps	https://bo.linkedin.com/jobs/view/especialista-en-desarrollo-y-operaci%C3%B3n-de-plataformas-devops-ti-at-bancosol-4428350754
new	LinkedIn	Uruguay	BC Tecnología	Product Owner App Mobile	Uruguay	2026-05-05	IT Manager	https://uy.linkedin.com/jobs/view/product-owner-app-mobile-at-bc-tecnolog%C3%ADa-4409704692
new	LinkedIn	Argentina	Blend	DevOps Engineer	Buenos Aires, Buenos Aires Province, Argentina	2026-05-26	Cloud Engineer	https://ar.linkedin.com/jobs/view/devops-engineer-at-blend-4418142969
new	LinkedIn	Uruguay	Bluelight	DevOps Engineer - Remote, Latin America	Montevideo, Montevideo, Uruguay	2026-05-27	DevOps	https://uy.linkedin.com/jobs/view/devops-engineer-remote-latin-america-at-bluelight-4428656791
new	LinkedIn	Uruguay	Bluelight	DevOps Engineer - Remote, Latin America	Punta del Este, Maldonado, Uruguay	2026-05-27	DevOps	https://uy.linkedin.com/jobs/view/devops-engineer-remote-latin-america-at-bluelight-4428652760
new	LinkedIn	Uruguay	Bluelight	DevOps Engineer - Remote, Latin America	Salto, Salto, Uruguay	2026-05-27	DevOps	https://uy.linkedin.com/jobs/view/devops-engineer-remote-latin-america-at-bluelight-4428655838
new	LinkedIn	Chile	Bluelight	DevOps Engineer - Remote, Latin America	Antofagasta, Antofagasta Region, Chile	2026-05-27	DevOps	https://cl.linkedin.com/jobs/view/devops-engineer-remote-latin-america-at-bluelight-4428642919
new	LinkedIn	Chile	Bluelight	DevOps Engineer - Remote, Latin America	Concepcion, Biobío Region, Chile	2026-05-27	DevOps	https://cl.linkedin.com/jobs/view/devops-engineer-remote-latin-america-at-bluelight-4428640919
new	LinkedIn	Chile	Bluelight	DevOps Engineer - Remote, Latin America	Santiago, Santiago Metropolitan Region, Chile	2026-05-27	DevOps	https://cl.linkedin.com/jobs/view/devops-engineer-remote-latin-america-at-bluelight-4428659731
new	LinkedIn	Chile	Bluelight	DevOps Engineer - Remote, Latin America	Valparaíso, Valparaiso Region, Chile	2026-05-27	Cloud Engineer	https://cl.linkedin.com/jobs/view/devops-engineer-remote-latin-america-at-bluelight-4428643903
new	LinkedIn	Bolivia	Bluelight	DevOps Engineer - Remote, Latin America	Santa Cruz, Bolivia	2026-05-27	DevOps	https://bo.linkedin.com/jobs/view/devops-engineer-remote-latin-america-at-bluelight-4428645826
new	LinkedIn	Bolivia	Bluelight	DevOps Engineer - Remote, Latin America	Totora, La Paz, Bolivia	2026-05-27	DevOps	https://bo.linkedin.com/jobs/view/devops-engineer-remote-latin-america-at-bluelight-4428652734
new	LinkedIn	Bolivia	Bluelight	DevOps Engineer - Remote, Latin America	Sucre, Chuquisaca, Bolivia	2026-05-27	DevOps	https://bo.linkedin.com/jobs/view/devops-engineer-remote-latin-america-at-bluelight-4428659720
new	LinkedIn	Bolivia	Bluelight	DevOps Engineer - Remote, Latin America	Santa Cruz de la Sierra, Santa Cruz, Bolivia	2026-05-27	Cloud Engineer	https://bo.linkedin.com/jobs/view/devops-engineer-remote-latin-america-at-bluelight-4428647839
new	LinkedIn	Bolivia	Bluelight	DevOps Engineer - Remote, Latin America	Santa Cruz, Bolivia	2026-05-27	Cloud Engineer	https://bo.linkedin.com/jobs/view/devops-engineer-remote-latin-america-at-bluelight-4428640909
new	LinkedIn	Bolivia	Bluelight	DevOps Engineer - Remote, Latin America	Cochabamba, Cochabamba, Bolivia	2026-05-27	Cloud Engineer	https://bo.linkedin.com/jobs/view/devops-engineer-remote-latin-america-at-bluelight-4428644886
new	LinkedIn	Chile	Canals	Security Engineer	Santiago, Santiago Metropolitan Region, Chile	2026-02-09	Platform Engineer	https://cl.linkedin.com/jobs/view/security-engineer-at-canals-4370848050
new	LinkedIn	Uruguay	Canonical	Software Engineer - Cloud Images	Montevideo, Montevideo, Uruguay	2026-04-03	Cloud Engineer	https://uy.linkedin.com/jobs/view/software-engineer-cloud-images-at-canonical-4397519599
new	LinkedIn	Chile	Canonical	Software Engineer - Cloud Images	Santiago, Santiago Metropolitan Region, Chile	2026-04-02	Platform Engineer	https://cl.linkedin.com/jobs/view/software-engineer-cloud-images-at-canonical-4395240680
new	LinkedIn	Argentina	Caylent	Project Manager	Argentina	2026-06-12	Project Manager IT	https://ar.linkedin.com/jobs/view/project-manager-at-caylent-4426982553
new	LinkedIn	Argentina	Caylent	Senior Project Manager	Argentina	2026-06-11	IT Manager	https://ar.linkedin.com/jobs/view/senior-project-manager-at-caylent-4416333268
new	LinkedIn	Chile	Cencosud S.A.	Product Owner	Santiago, Santiago Metropolitan Region, Chile	2026-06-11	Product Owner	https://cl.linkedin.com/jobs/view/product-owner-at-cencosud-s-a-4424817341
new	LinkedIn	Argentina	Centro de e-Learning UTN FRBA	Cloud Platform Engineer (AWS / DevOps)	Buenos Aires, Buenos Aires Province, Argentina	2026-04-07	Site Reliability Engineer	https://ar.linkedin.com/jobs/view/cloud-platform-engineer-aws-devops-at-centro-de-e-learning-utn-frba-4398290268
new	LinkedIn	Chile	ChainGPT	Security Architect - Americas	Chile	2026-02-19	Security Engineer	https://cl.linkedin.com/jobs/view/security-architect-americas-at-chaingpt-4386332232
new	LinkedIn	Argentina	Ciklum	Backstage Platform Developer	Argentina	2026-06-03	Platform Engineer	https://ar.linkedin.com/jobs/view/backstage-platform-developer-at-ciklum-4422902134
new	LinkedIn	Chile	Claro Chile S.A.	Ingeniero de infraestructura de TI	Huechuraba, Santiago Metropolitan Region, Chile	2026-05-19	Jefe de Infraestructura	https://cl.linkedin.com/jobs/view/ingeniero-de-infraestructura-de-ti-at-claro-chile-s-a-4416924412
new	LinkedIn	Chile	CommandLink	Project Manager, Service Delivery	Chile	2026-05-27	IT Manager	https://cl.linkedin.com/jobs/view/project-manager-service-delivery-at-commandlink-4419821230
new	LinkedIn	Chile	COPEC S.A.	Product Owner Gestión y Proyectos - Filial Blue Express	Pudahuel, Santiago Metropolitan Region, Chile	2026-06-12	Product Owner	https://cl.linkedin.com/jobs/view/product-owner-gesti%C3%B3n-y-proyectos-filial-blue-express-at-copec-s-a-4425327167
new	LinkedIn	Argentina	DaCodes.	Principal AI Security Engineer - LATAM & Mexico - English Required	Argentina	2026-06-09	Cloud Engineer	https://ar.linkedin.com/jobs/view/principal-ai-security-engineer-latam-mexico-english-required-at-dacodes-4426502174
new	LinkedIn	Uruguay	DaCodes.	Principal AI Security Engineer - LATAM & Mexico - English Required	Uruguay	2026-06-09	Cloud Engineer	https://uy.linkedin.com/jobs/view/principal-ai-security-engineer-latam-mexico-english-required-at-dacodes-4426387715
new	LinkedIn	Chile	DaCodes.	Principal AI Security Engineer - LATAM & Mexico - English Required	Chile	2026-06-09	Cloud Engineer	https://cl.linkedin.com/jobs/view/principal-ai-security-engineer-latam-mexico-english-required-at-dacodes-4426390484
new	LinkedIn	Argentina	Darwoft	993 - Senior Product Manager (Conversational Support Platforms) · Remote · LATAM	Cordoba, Córdoba, Argentina	2026-05-23	IT Manager	https://ar.linkedin.com/jobs/view/993-senior-product-manager-conversational-support-platforms-%C2%B7-remote-%C2%B7-latam-at-darwoft-4417526804
new	LinkedIn	Argentina	Deel	DevOps Engineer	Argentina	2026-06-05	DevOps	https://ar.linkedin.com/jobs/view/devops-engineer-at-deel-4421156697
new	LinkedIn	Chile	Dev.Pro	Intermediate Site Reliability Engineer - OP02079	Santiago, Santiago Metropolitan Region, Chile	2026-04-01	Site Reliability Engineer	https://cl.linkedin.com/jobs/view/intermediate-site-reliability-engineer-op02079-at-dev-pro-4394670119
new	LinkedIn	Argentina	Devsu	DevOps Engineer (GCP & Kubernetes)	Argentina	2026-06-01	DevOps	https://ar.linkedin.com/jobs/view/devops-engineer-gcp-kubernetes-at-devsu-4418790946
new	LinkedIn	Chile	DFV Ingeniería y Gestión	Encargado(a) de Infraestructura y Equipamiento – Los Andes	Los Andes, Valparaiso Region, Chile	2026-04-21	Jefe de Infraestructura	https://cl.linkedin.com/jobs/view/encargado-a-de-infraestructura-y-equipamiento-%E2%80%93-los-andes-at-dfv-ingenier%C3%ADa-y-gesti%C3%B3n-4404883035
new	LinkedIn	Chile	Dumas	Lider Devops	Chile	2026-06-09	DevOps	https://cl.linkedin.com/jobs/view/lider-devops-at-dumas-4422750443
new	LinkedIn	Chile	DXC Technology	Site Reliability Engineer (SRE) – Automation	Santiago, Santiago Metropolitan Region, Chile	2026-06-11	Site Reliability Engineer	https://cl.linkedin.com/jobs/view/site-reliability-engineer-sre-%E2%80%93-automation-at-dxc-technology-4426666330
new	LinkedIn	Chile	Dynamic Devs	AWS Engineer	Chile	2026-06-03	Site Reliability Engineer	https://cl.linkedin.com/jobs/view/aws-engineer-at-dynamic-devs-4424269013
new	LinkedIn	Argentina	EDETEK Inc.	Senior Clinical Project Manager	Argentina	2026-04-09	Technical Project Manager	https://ar.linkedin.com/jobs/view/senior-clinical-project-manager-at-edetek-inc-4400522028
new	LinkedIn	Chile	ENG	Electrical BIM Project Manager	Chile	2026-05-29	Technical Project Manager	https://cl.linkedin.com/jobs/view/electrical-bim-project-manager-at-eng-4421227656
new	LinkedIn	Argentina	Enumerate	Senior Site Reliability Engineer	Buenos Aires, Buenos Aires Province, Argentina	2026-06-09	Site Reliability Engineer	https://ar.linkedin.com/jobs/view/senior-site-reliability-engineer-at-enumerate-4422733072
new	LinkedIn	Argentina	EPAM Systems	Chief Cloud Engineer	Argentina	2026-05-20	AWS Cloud Engineer	https://ar.linkedin.com/jobs/view/chief-cloud-engineer-at-epam-systems-4413608717
new	LinkedIn	Argentina	EPAM Systems	Cloud Architect	Argentina	2026-06-08	AWS Cloud Engineer	https://ar.linkedin.com/jobs/view/cloud-architect-at-epam-systems-4421937179
new	LinkedIn	Chile	EPAM Systems	Cloud Architect	Chile	2026-06-08	AWS Cloud Engineer	https://cl.linkedin.com/jobs/view/cloud-architect-at-epam-systems-4421930234
new	LinkedIn	Chile	EPAM Systems	Cloud Architect	Chile	2026-06-08	AWS Cloud Engineer	https://cl.linkedin.com/jobs/view/cloud-architect-at-epam-systems-4421923332
new	LinkedIn	Argentina	EPAM Systems	DevOps Engineer	Argentina	2026-06-15	DevOps	https://ar.linkedin.com/jobs/view/devops-engineer-at-epam-systems-4426403118
new	LinkedIn	Chile	EPAM Systems	DevOps Engineer	Chile	2026-06-04	DevOps	https://cl.linkedin.com/jobs/view/devops-engineer-at-epam-systems-4410399445
new	LinkedIn	Argentina	EPAM Systems	Lead Cloud Engineer	Argentina	2026-05-20	AWS Cloud Engineer	https://ar.linkedin.com/jobs/view/lead-cloud-engineer-at-epam-systems-4413616593
new	LinkedIn	Argentina	EPAM Systems	Lead DevOps Engineer (AWS)	Argentina	2026-05-20	AWS Cloud Engineer	https://ar.linkedin.com/jobs/view/lead-devops-engineer-aws-at-epam-systems-4417064812
new	LinkedIn	Chile	EPAM Systems	Lead DevOps Engineer (AWS)	Chile	2026-05-20	AWS Cloud Engineer	https://cl.linkedin.com/jobs/view/lead-devops-engineer-aws-at-epam-systems-4417074003
new	LinkedIn	Argentina	EPAM Systems	Lead Security Engineer	Argentina	2026-06-11	Security Engineer	https://ar.linkedin.com/jobs/view/lead-security-engineer-at-epam-systems-4406088190
new	LinkedIn	Chile	EPAM Systems	Lead Site Reliability Engineer	Chile	2026-05-20	Site Reliability Engineer	https://cl.linkedin.com/jobs/view/lead-site-reliability-engineer-at-epam-systems-4413617274
new	LinkedIn	Chile	EPAM Systems	Senior DevOps Engineer	Chile	2026-06-04	DevOps	https://cl.linkedin.com/jobs/view/senior-devops-engineer-at-epam-systems-4410615372
new	LinkedIn	Argentina	EPAM Systems	Senior DevOps Engineer (AWS)	Argentina	2026-05-20	AWS Cloud Engineer	https://ar.linkedin.com/jobs/view/senior-devops-engineer-aws-at-epam-systems-4417084433
new	LinkedIn	Argentina	EPAM Systems	Senior DevOps Engineer (AWS)	Argentina	2026-05-26	AWS Cloud Engineer	https://ar.linkedin.com/jobs/view/senior-devops-engineer-aws-at-epam-systems-4408176434
new	LinkedIn	Chile	EPAM Systems	Senior DevOps Engineer (AWS)	Chile	2026-05-20	AWS Cloud Engineer	https://cl.linkedin.com/jobs/view/senior-devops-engineer-aws-at-epam-systems-4417089330
new	LinkedIn	Argentina	EPAM Systems	Senior Security Engineer	Argentina	2026-06-12	Security Engineer	https://ar.linkedin.com/jobs/view/senior-security-engineer-at-epam-systems-4406076968
new	LinkedIn	Chile	EPAM Systems	Senior Site Reliability Engineer	Chile	2026-05-20	Site Reliability Engineer	https://cl.linkedin.com/jobs/view/senior-site-reliability-engineer-at-epam-systems-4413615344
new	LinkedIn	Chile	Esmax	Analista de Infraestructura	Las Condes, Santiago Metropolitan Region, Chile	2026-05-19	Analista de Sistemas	https://cl.linkedin.com/jobs/view/analista-de-infraestructura-at-esmax-4412865058
new	LinkedIn	Chile	Etleap	DevOps Engineer Latin America (remote)	Chile	2024-03-13	DevOps	https://cl.linkedin.com/jobs/view/devops-engineer-latin-america-remote-at-etleap-3853938644
new	LinkedIn	Bolivia	Etleap	DevOps Engineer Latin America (remote)	Bolivia	2024-03-13	DevOps	https://bo.linkedin.com/jobs/view/devops-engineer-latin-america-remote-at-etleap-3853938646
new	LinkedIn	Uruguay	Experis Argentina	Site Reliability Engineer (SRE) para relocalizarse en Montevideo, Uruguay	Montevideo, Uruguay	2026-06-05	Cloud Engineer	https://uy.linkedin.com/jobs/view/site-reliability-engineer-sre-para-relocalizarse-en-montevideo-uruguay-at-experis-argentina-4424719412
new	LinkedIn	Chile	Exprochile	Jefe de Ingeniería, Infraestructura, y Preventa TI	Santiago, Santiago Metropolitan Region, Chile	2026-03-06	Jefe de Infraestructura	https://cl.linkedin.com/jobs/view/jefe-de-ingenier%C3%ADa-infraestructura-y-preventa-ti-at-exprochile-4382170153
new	LinkedIn	Chile	FactorIT	SRE (Site Reliability Engineer)	Santiago, Santiago Metropolitan Region, Chile	2026-04-15	Site Reliability Engineer	https://cl.linkedin.com/jobs/view/sre-site-reliability-engineer-at-factorit-4401163926
new	LinkedIn	Bolivia	Farmacorp	JEFE DE REDES Y SEGURIDAD	Santa Cruz de la Sierra, Santa Cruz, Bolivia	2026-05-19	Security Engineer	https://bo.linkedin.com/jobs/view/jefe-de-redes-y-seguridad-at-farmacorp-4416658739
new	LinkedIn	Argentina	Fluent Trade Technologies	Senior Project Manager	Buenos Aires, Buenos Aires Province, Argentina	2026-06-01	Project Manager IT	https://ar.linkedin.com/jobs/view/senior-project-manager-at-fluent-trade-technologies-4421804458
new	LinkedIn	Chile	Forest	Site Reliability Engineer (SRE)	Santiago, Santiago Metropolitan Region, Chile	2026-05-29	Site Reliability Engineer	https://cl.linkedin.com/jobs/view/site-reliability-engineer-sre-at-forest-4422012324
new	LinkedIn	Chile	Freedx	Senior DevOps Engineer	Chile	2026-06-03	DevOps	https://cl.linkedin.com/jobs/view/senior-devops-engineer-at-freedx-4423031897
new	LinkedIn	Uruguay	FullStack	Agentic AWS DevOps Engineer - Remote - Latin America	Uruguay	2026-06-09	DevOps	https://uy.linkedin.com/jobs/view/agentic-aws-devops-engineer-remote-latin-america-at-fullstack-4407588762
new	LinkedIn	Uruguay	FullStack	Agentic AWS DevOps Engineer - Remote - Latin America	Montevideo, Montevideo, Uruguay	2026-06-09	DevOps	https://uy.linkedin.com/jobs/view/agentic-aws-devops-engineer-remote-latin-america-at-fullstack-4407589801
new	LinkedIn	Uruguay	FullStack	Agentic AWS DevOps Engineer - Remote - Latin America	Las Piedras, Canelones, Uruguay	2026-06-09	DevOps	https://uy.linkedin.com/jobs/view/agentic-aws-devops-engineer-remote-latin-america-at-fullstack-4407576834
new	LinkedIn	Uruguay	FullStack	Agentic AWS DevOps Engineer - Remote - Latin America	Ciudad de la Costa, Canelones, Uruguay	2026-06-09	DevOps	https://uy.linkedin.com/jobs/view/agentic-aws-devops-engineer-remote-latin-america-at-fullstack-4407592717
new	LinkedIn	Uruguay	FullStack	Agentic AWS DevOps Engineer - Remote - Latin America	Paysandú, Paysandú, Uruguay	2026-06-10	DevOps	https://uy.linkedin.com/jobs/view/agentic-aws-devops-engineer-remote-latin-america-at-fullstack-4407581838
new	LinkedIn	Uruguay	FullStack	Agentic AWS DevOps Engineer - Remote - Latin America	Rivera, Rivera, Uruguay	2026-06-10	DevOps	https://uy.linkedin.com/jobs/view/agentic-aws-devops-engineer-remote-latin-america-at-fullstack-4407580794
new	LinkedIn	Uruguay	FullStack	Agentic AWS DevOps Engineer - Remote - Latin America	Salto, Salto, Uruguay	2026-06-09	DevOps	https://uy.linkedin.com/jobs/view/agentic-aws-devops-engineer-remote-latin-america-at-fullstack-4407576831
new	LinkedIn	Chile	FullStack	Agentic AWS DevOps Engineer - Remote - Latin America	Chile	2026-06-09	DevOps	https://cl.linkedin.com/jobs/view/agentic-aws-devops-engineer-remote-latin-america-at-fullstack-4407593447
new	LinkedIn	Chile	FullStack	Agentic AWS DevOps Engineer - Remote - Latin America	Valparaíso, Valparaiso Region, Chile	2026-06-09	Cloud Engineer	https://cl.linkedin.com/jobs/view/agentic-aws-devops-engineer-remote-latin-america-at-fullstack-4407587763
new	LinkedIn	Bolivia	FullStack	Agentic AWS DevOps Engineer - Remote - Latin America	El Alto, La Paz, Bolivia	2026-06-09	DevOps	https://bo.linkedin.com/jobs/view/agentic-aws-devops-engineer-remote-latin-america-at-fullstack-4407582800
new	LinkedIn	Bolivia	FullStack	Agentic AWS DevOps Engineer - Remote - Latin America	Totora, La Paz, Bolivia	2026-06-09	DevOps	https://bo.linkedin.com/jobs/view/agentic-aws-devops-engineer-remote-latin-america-at-fullstack-4407573906
new	LinkedIn	Bolivia	FullStack	Agentic AWS DevOps Engineer - Remote - Latin America	Santa Cruz de la Sierra, Santa Cruz, Bolivia	2026-06-10	DevOps	https://bo.linkedin.com/jobs/view/agentic-aws-devops-engineer-remote-latin-america-at-fullstack-4407575881
new	LinkedIn	Bolivia	FullStack	Agentic AWS DevOps Engineer - Remote - Latin America	Cochabamba, Cochabamba, Bolivia	2026-06-09	DevOps	https://bo.linkedin.com/jobs/view/agentic-aws-devops-engineer-remote-latin-america-at-fullstack-4407581836
new	LinkedIn	Bolivia	FullStack	Agentic AWS DevOps Engineer - Remote - Latin America	Sucre, Chuquisaca, Bolivia	2026-06-09	DevOps	https://bo.linkedin.com/jobs/view/agentic-aws-devops-engineer-remote-latin-america-at-fullstack-4407591741
new	LinkedIn	Bolivia	FullStack	Agentic AWS DevOps Engineer - Remote - Latin America	Tarija, Tarija, Bolivia	2026-06-09	DevOps	https://bo.linkedin.com/jobs/view/agentic-aws-devops-engineer-remote-latin-america-at-fullstack-4407574883
new	LinkedIn	Uruguay	FullStack	Agentic Azure DevOps Engineer - Remote - Latin America	Montevideo, Montevideo, Uruguay	2026-06-10	DevOps	https://uy.linkedin.com/jobs/view/agentic-azure-devops-engineer-remote-latin-america-at-fullstack-4407581834
new	LinkedIn	Uruguay	FullStack	Agentic Azure DevOps Engineer - Remote - Latin America	Uruguay	2026-06-10	DevOps	https://uy.linkedin.com/jobs/view/agentic-azure-devops-engineer-remote-latin-america-at-fullstack-4407587768
new	LinkedIn	Uruguay	FullStack	Agentic Azure DevOps Engineer - Remote - Latin America	Las Piedras, Canelones, Uruguay	2026-06-10	Cloud Engineer	https://uy.linkedin.com/jobs/view/agentic-azure-devops-engineer-remote-latin-america-at-fullstack-4407584791
new	LinkedIn	Uruguay	FullStack	Agentic Azure DevOps Engineer - Remote - Latin America	Ciudad de la Costa, Canelones, Uruguay	2026-06-09	AWS Cloud Engineer	https://uy.linkedin.com/jobs/view/agentic-azure-devops-engineer-remote-latin-america-at-fullstack-4407579810
new	LinkedIn	Uruguay	FullStack	Agentic Azure DevOps Engineer - Remote - Latin America	Paysandú, Paysandú, Uruguay	2026-06-09	AWS Cloud Engineer	https://uy.linkedin.com/jobs/view/agentic-azure-devops-engineer-remote-latin-america-at-fullstack-4407576833
new	LinkedIn	Uruguay	FullStack	Agentic Azure DevOps Engineer - Remote - Latin America	Rivera, Rivera, Uruguay	2026-06-09	AWS Cloud Engineer	https://uy.linkedin.com/jobs/view/agentic-azure-devops-engineer-remote-latin-america-at-fullstack-4407570971
new	LinkedIn	Uruguay	FullStack	Agentic Azure DevOps Engineer - Remote - Latin America	Salto, Salto, Uruguay	2026-06-09	AWS Cloud Engineer	https://uy.linkedin.com/jobs/view/agentic-azure-devops-engineer-remote-latin-america-at-fullstack-4407577915
new	LinkedIn	Chile	FullStack	Agentic Azure DevOps Engineer - Remote - Latin America	Chile	2026-06-09	Cloud Engineer	https://cl.linkedin.com/jobs/view/agentic-azure-devops-engineer-remote-latin-america-at-fullstack-4407577914
new	LinkedIn	Chile	FullStack	Agentic Azure DevOps Engineer - Remote - Latin America	Valparaíso, Valparaiso Region, Chile	2026-06-10	Cloud Engineer	https://cl.linkedin.com/jobs/view/agentic-azure-devops-engineer-remote-latin-america-at-fullstack-4407574891
new	LinkedIn	Chile	FullStack	Agentic Azure DevOps Engineer - Remote - Latin America	Concepcion, Biobío Region, Chile	2026-06-10	AWS Cloud Engineer	https://cl.linkedin.com/jobs/view/agentic-azure-devops-engineer-remote-latin-america-at-fullstack-4407586810
new	LinkedIn	Chile	FullStack	Agentic Azure DevOps Engineer - Remote - Latin America	Santiago Metropolitan Area	2026-06-10	Platform Engineer	https://cl.linkedin.com/jobs/view/agentic-azure-devops-engineer-remote-latin-america-at-fullstack-4407571912
new	LinkedIn	Bolivia	FullStack	Agentic Azure DevOps Engineer - Remote - Latin America	Totora, La Paz, Bolivia	2026-06-10	DevOps	https://bo.linkedin.com/jobs/view/agentic-azure-devops-engineer-remote-latin-america-at-fullstack-4407582795
new	LinkedIn	Bolivia	FullStack	Agentic Azure DevOps Engineer - Remote - Latin America	El Alto, La Paz, Bolivia	2026-06-10	DevOps	https://bo.linkedin.com/jobs/view/agentic-azure-devops-engineer-remote-latin-america-at-fullstack-4407582802
new	LinkedIn	Bolivia	FullStack	Agentic Azure DevOps Engineer - Remote - Latin America	Santa Cruz de la Sierra, Santa Cruz, Bolivia	2026-06-10	DevOps	https://bo.linkedin.com/jobs/view/agentic-azure-devops-engineer-remote-latin-america-at-fullstack-4407585778
new	LinkedIn	Bolivia	FullStack	Agentic Azure DevOps Engineer - Remote - Latin America	Cochabamba, Cochabamba, Bolivia	2026-06-10	Cloud Engineer	https://bo.linkedin.com/jobs/view/agentic-azure-devops-engineer-remote-latin-america-at-fullstack-4407577917
new	LinkedIn	Bolivia	FullStack	Agentic Azure DevOps Engineer - Remote - Latin America	Tarija, Tarija, Bolivia	2026-06-10	Cloud Engineer	https://bo.linkedin.com/jobs/view/agentic-azure-devops-engineer-remote-latin-america-at-fullstack-4407592715
new	LinkedIn	Bolivia	FullStack	Agentic Azure DevOps Engineer - Remote - Latin America	Sucre, Chuquisaca, Bolivia	2026-06-10	Cloud Engineer	https://bo.linkedin.com/jobs/view/agentic-azure-devops-engineer-remote-latin-america-at-fullstack-4407582793
new	LinkedIn	Uruguay	FullStack	Azure DevOps Engineer - Remote - Latin America	Montevideo, Montevideo, Uruguay	2026-06-12	DevOps	https://uy.linkedin.com/jobs/view/azure-devops-engineer-remote-latin-america-at-fullstack-4418044120
new	LinkedIn	Uruguay	FullStack	Azure DevOps Engineer - Remote - Latin America	Las Piedras, Canelones, Uruguay	2026-06-12	DevOps	https://uy.linkedin.com/jobs/view/azure-devops-engineer-remote-latin-america-at-fullstack-4418033378
new	LinkedIn	Uruguay	FullStack	Azure DevOps Engineer - Remote - Latin America	Uruguay	2026-06-12	DevOps	https://uy.linkedin.com/jobs/view/azure-devops-engineer-remote-latin-america-at-fullstack-4418047044
new	LinkedIn	Uruguay	FullStack	Azure DevOps Engineer - Remote - Latin America	Paysandú, Paysandú, Uruguay	2026-06-12	DevOps	https://uy.linkedin.com/jobs/view/azure-devops-engineer-remote-latin-america-at-fullstack-4418031441
new	LinkedIn	Uruguay	FullStack	Azure DevOps Engineer - Remote - Latin America	Ciudad de la Costa, Canelones, Uruguay	2026-06-12	Cloud Engineer	https://uy.linkedin.com/jobs/view/azure-devops-engineer-remote-latin-america-at-fullstack-4418044128
new	LinkedIn	Uruguay	FullStack	Azure DevOps Engineer - Remote - Latin America	Salto, Salto, Uruguay	2026-06-12	AWS Cloud Engineer	https://uy.linkedin.com/jobs/view/azure-devops-engineer-remote-latin-america-at-fullstack-4418046085
new	LinkedIn	Uruguay	FullStack	Azure DevOps Engineer - Remote - Latin America	Rivera, Rivera, Uruguay	2026-06-12	AWS Cloud Engineer	https://uy.linkedin.com/jobs/view/azure-devops-engineer-remote-latin-america-at-fullstack-4418047045
new	LinkedIn	Chile	FullStack	Azure DevOps Engineer - Remote - Latin America	Santiago Metropolitan Area	2026-06-12	Cloud Engineer	https://cl.linkedin.com/jobs/view/azure-devops-engineer-remote-latin-america-at-fullstack-4418035341
new	LinkedIn	Chile	FullStack	Azure DevOps Engineer - Remote - Latin America	Valparaíso, Valparaiso Region, Chile	2026-06-12	Cloud Engineer	https://cl.linkedin.com/jobs/view/azure-devops-engineer-remote-latin-america-at-fullstack-4418042228
new	LinkedIn	Chile	FullStack	Azure DevOps Engineer - Remote - Latin America	Concepcion, Biobío Region, Chile	2026-06-12	Cloud Engineer	https://cl.linkedin.com/jobs/view/azure-devops-engineer-remote-latin-america-at-fullstack-4418039293
new	LinkedIn	Chile	FullStack	Azure DevOps Engineer - Remote - Latin America	Chile	2026-06-12	AWS Cloud Engineer	https://cl.linkedin.com/jobs/view/azure-devops-engineer-remote-latin-america-at-fullstack-4418027675
new	LinkedIn	Bolivia	FullStack	Azure DevOps Engineer - Remote - Latin America	Totora, La Paz, Bolivia	2026-06-12	DevOps	https://bo.linkedin.com/jobs/view/azure-devops-engineer-remote-latin-america-at-fullstack-4418041211
new	LinkedIn	Bolivia	FullStack	Azure DevOps Engineer - Remote - Latin America	El Alto, La Paz, Bolivia	2026-06-12	DevOps	https://bo.linkedin.com/jobs/view/azure-devops-engineer-remote-latin-america-at-fullstack-4418044127
new	LinkedIn	Bolivia	FullStack	Azure DevOps Engineer - Remote - Latin America	Santa Cruz de la Sierra, Santa Cruz, Bolivia	2026-06-12	DevOps	https://bo.linkedin.com/jobs/view/azure-devops-engineer-remote-latin-america-at-fullstack-4418026844
new	LinkedIn	Bolivia	FullStack	Azure DevOps Engineer - Remote - Latin America	Cochabamba, Cochabamba, Bolivia	2026-06-12	DevOps	https://bo.linkedin.com/jobs/view/azure-devops-engineer-remote-latin-america-at-fullstack-4418036325
new	LinkedIn	Bolivia	FullStack	Azure DevOps Engineer - Remote - Latin America	Sucre, Chuquisaca, Bolivia	2026-06-12	DevOps	https://bo.linkedin.com/jobs/view/azure-devops-engineer-remote-latin-america-at-fullstack-4418031433
new	LinkedIn	Bolivia	FullStack	Azure DevOps Engineer - Remote - Latin America	Tarija, Tarija, Bolivia	2026-06-12	DevOps	https://bo.linkedin.com/jobs/view/azure-devops-engineer-remote-latin-america-at-fullstack-4418047046
new	LinkedIn	Uruguay	FullStack	Senior DevOps Engineer - Remote - Latin America	Montevideo, Montevideo, Uruguay	2026-06-04	DevOps	https://uy.linkedin.com/jobs/view/senior-devops-engineer-remote-latin-america-at-fullstack-4423592152
new	LinkedIn	Uruguay	FullStack	Senior DevOps Engineer - Remote - Latin America	Uruguay	2026-06-04	DevOps	https://uy.linkedin.com/jobs/view/senior-devops-engineer-remote-latin-america-at-fullstack-4423594139
new	LinkedIn	Uruguay	FullStack	Senior DevOps Engineer - Remote - Latin America	Las Piedras, Canelones, Uruguay	2026-06-04	DevOps	https://uy.linkedin.com/jobs/view/senior-devops-engineer-remote-latin-america-at-fullstack-4423585410
new	LinkedIn	Uruguay	FullStack	Senior DevOps Engineer - Remote - Latin America	Ciudad de la Costa, Canelones, Uruguay	2026-06-04	DevOps	https://uy.linkedin.com/jobs/view/senior-devops-engineer-remote-latin-america-at-fullstack-4423591231
new	LinkedIn	Uruguay	FullStack	Senior DevOps Engineer - Remote - Latin America	Paysandú, Paysandú, Uruguay	2026-06-04	DevOps	https://uy.linkedin.com/jobs/view/senior-devops-engineer-remote-latin-america-at-fullstack-4423593174
new	LinkedIn	Uruguay	FullStack	Senior DevOps Engineer - Remote - Latin America	Rivera, Rivera, Uruguay	2026-06-04	Site Reliability Engineer	https://uy.linkedin.com/jobs/view/senior-devops-engineer-remote-latin-america-at-fullstack-4423593172
new	LinkedIn	Chile	FullStack	Senior DevOps Engineer - Remote - Latin America	Chile	2026-06-04	Site Reliability Engineer	https://cl.linkedin.com/jobs/view/senior-devops-engineer-remote-latin-america-at-fullstack-4424101032
new	LinkedIn	Bolivia	FullStack	Senior DevOps Engineer - Remote - Latin America	Totora, La Paz, Bolivia	2026-06-04	DevOps	https://bo.linkedin.com/jobs/view/senior-devops-engineer-remote-latin-america-at-fullstack-4423581861
new	LinkedIn	Bolivia	FullStack	Senior DevOps Engineer - Remote - Latin America	El Alto, La Paz, Bolivia	2026-06-04	DevOps	https://bo.linkedin.com/jobs/view/senior-devops-engineer-remote-latin-america-at-fullstack-4423586432
new	LinkedIn	Bolivia	FullStack	Senior DevOps Engineer - Remote - Latin America	Santa Cruz de la Sierra, Santa Cruz, Bolivia	2026-06-04	DevOps	https://bo.linkedin.com/jobs/view/senior-devops-engineer-remote-latin-america-at-fullstack-4424100049
new	LinkedIn	Bolivia	FullStack	Senior DevOps Engineer - Remote - Latin America	Cochabamba, Cochabamba, Bolivia	2026-06-04	DevOps	https://bo.linkedin.com/jobs/view/senior-devops-engineer-remote-latin-america-at-fullstack-4423583513
new	LinkedIn	Bolivia	FullStack	Senior DevOps Engineer - Remote - Latin America	Tarija, Tarija, Bolivia	2026-06-04	DevOps	https://bo.linkedin.com/jobs/view/senior-devops-engineer-remote-latin-america-at-fullstack-4423591232
new	LinkedIn	Bolivia	FullStack	Senior DevOps Engineer - Remote - Latin America	Sucre, Chuquisaca, Bolivia	2026-06-04	AWS Cloud Engineer	https://bo.linkedin.com/jobs/view/senior-devops-engineer-remote-latin-america-at-fullstack-4423588358
new	LinkedIn	Argentina	FullStack	Senior Technical Project Manager - Remote - Latin America	Mar del Plata, Buenos Aires Province, Argentina	2026-06-13	Project Manager IT	https://ar.linkedin.com/jobs/view/senior-technical-project-manager-remote-latin-america-at-fullstack-4418438193
new	LinkedIn	Argentina	FullStack	Senior Technical Project Manager - Remote - Latin America	Buenos Aires, Buenos Aires Province, Argentina	2026-06-13	Technical Project Manager	https://ar.linkedin.com/jobs/view/senior-technical-project-manager-remote-latin-america-at-fullstack-4418429630
new	LinkedIn	Argentina	FullStack	Senior Technical Project Manager - Remote - Latin America	Rosario, Santa Fe, Argentina	2026-06-13	Technical Project Manager	https://ar.linkedin.com/jobs/view/senior-technical-project-manager-remote-latin-america-at-fullstack-4418425636
new	LinkedIn	Uruguay	FullStack	Senior Technical Project Manager - Remote - Latin America	Ciudad de la Costa, Canelones, Uruguay	2026-06-13	IT Manager	https://uy.linkedin.com/jobs/view/senior-technical-project-manager-remote-latin-america-at-fullstack-4418438187
new	LinkedIn	Uruguay	FullStack	Senior Technical Project Manager - Remote - Latin America	Uruguay	2026-06-13	IT Manager	https://uy.linkedin.com/jobs/view/senior-technical-project-manager-remote-latin-america-at-fullstack-4418439161
new	LinkedIn	Uruguay	FullStack	Senior Technical Project Manager - Remote - Latin America	Montevideo, Montevideo, Uruguay	2026-06-13	Gerente de Sistemas	https://uy.linkedin.com/jobs/view/senior-technical-project-manager-remote-latin-america-at-fullstack-4418428580
new	LinkedIn	Uruguay	FullStack	Senior Technical Project Manager - Remote - Latin America	Paysandú, Paysandú, Uruguay	2026-06-13	Technical Project Manager	https://uy.linkedin.com/jobs/view/senior-technical-project-manager-remote-latin-america-at-fullstack-4418428587
new	LinkedIn	Uruguay	FullStack	Senior Technical Project Manager - Remote - Latin America	Rivera, Rivera, Uruguay	2026-06-13	Technical Project Manager	https://uy.linkedin.com/jobs/view/senior-technical-project-manager-remote-latin-america-at-fullstack-4418423659
new	LinkedIn	Uruguay	FullStack	Senior Technical Project Manager - Remote - Latin America	Las Piedras, Canelones, Uruguay	2026-06-13	Technical Project Manager	https://uy.linkedin.com/jobs/view/senior-technical-project-manager-remote-latin-america-at-fullstack-4418419987
new	LinkedIn	Uruguay	FullStack	Senior Technical Project Manager - Remote - Latin America	Salto, Salto, Uruguay	2026-06-13	Technical Project Manager	https://uy.linkedin.com/jobs/view/senior-technical-project-manager-remote-latin-america-at-fullstack-4418425628
new	LinkedIn	Chile	FullStack	Senior Technical Project Manager - Remote - Latin America	Chile	2026-06-13	Technical Project Manager	https://cl.linkedin.com/jobs/view/senior-technical-project-manager-remote-latin-america-at-fullstack-4418425632
new	LinkedIn	Chile	FullStack	Senior Technical Project Manager - Remote - Latin America	Santiago Metropolitan Area	2026-06-13	Technical Project Manager	https://cl.linkedin.com/jobs/view/senior-technical-project-manager-remote-latin-america-at-fullstack-4418427589
new	LinkedIn	Chile	FullStack	Senior Technical Project Manager - Remote - Latin America	Valparaíso, Valparaiso Region, Chile	2026-06-13	Technical Project Manager	https://cl.linkedin.com/jobs/view/senior-technical-project-manager-remote-latin-america-at-fullstack-4418436416
new	LinkedIn	Chile	FullStack	Senior Technical Project Manager - Remote - Latin America	Concepcion, Biobío Region, Chile	2026-06-13	Technical Project Manager	https://cl.linkedin.com/jobs/view/senior-technical-project-manager-remote-latin-america-at-fullstack-4418438186
new	LinkedIn	Bolivia	FullStack	Senior Technical Project Manager - Remote - Latin America	Totora, La Paz, Bolivia	2026-06-13	Technical Project Manager	https://bo.linkedin.com/jobs/view/senior-technical-project-manager-remote-latin-america-at-fullstack-4418429628
new	LinkedIn	Bolivia	FullStack	Senior Technical Project Manager - Remote - Latin America	El Alto, La Paz, Bolivia	2026-06-13	Technical Project Manager	https://bo.linkedin.com/jobs/view/senior-technical-project-manager-remote-latin-america-at-fullstack-4418432565
new	LinkedIn	Bolivia	FullStack	Senior Technical Project Manager - Remote - Latin America	Tarija, Tarija, Bolivia	2026-06-13	Technical Project Manager	https://bo.linkedin.com/jobs/view/senior-technical-project-manager-remote-latin-america-at-fullstack-4418426636
new	LinkedIn	Bolivia	FullStack	Senior Technical Project Manager - Remote - Latin America	Cochabamba, Cochabamba, Bolivia	2026-06-13	Technical Project Manager	https://bo.linkedin.com/jobs/view/senior-technical-project-manager-remote-latin-america-at-fullstack-4418439156
new	LinkedIn	Bolivia	FullStack	Senior Technical Project Manager - Remote - Latin America	Santa Cruz de la Sierra, Santa Cruz, Bolivia	2026-06-13	Technical Project Manager	https://bo.linkedin.com/jobs/view/senior-technical-project-manager-remote-latin-america-at-fullstack-4418430601
new	LinkedIn	Bolivia	FullStack	Senior Technical Project Manager - Remote - Latin America	Sucre, Chuquisaca, Bolivia	2026-06-13	Technical Project Manager	https://bo.linkedin.com/jobs/view/senior-technical-project-manager-remote-latin-america-at-fullstack-4418429626
new	LinkedIn	Chile	Gemini Observatory	Senior DevOps Engineer	La Serena, Coquimbo Region, Chile	2026-03-11	DevOps	https://cl.linkedin.com/jobs/view/senior-devops-engineer-at-gemini-observatory-4384365756
new	LinkedIn	Argentina	Geopagos	Site Reliability Engineer SR.	Buenos Aires, Buenos Aires Province, Argentina	2026-04-21	Site Reliability Engineer	https://ar.linkedin.com/jobs/view/site-reliability-engineer-sr-at-geopagos-4401965750
new	LinkedIn	Chile	GHL	Ingeniero Senior de Infraestructura TI	Santiago, Santiago Metropolitan Region, Chile	2026-03-16	Jefe de Infraestructura	https://cl.linkedin.com/jobs/view/ingeniero-senior-de-infraestructura-ti-at-ghl-4384090738
new	LinkedIn	Chile	Global Payments Inc.	Product Owner Integrados	Las Condes, Santiago Metropolitan Region, Chile	2026-05-27	Product Owner	https://cl.linkedin.com/jobs/view/product-owner-integrados-at-global-payments-inc-4419942214
new	LinkedIn	Chile	Global66	DevOps	Las Condes, Santiago Metropolitan Region, Chile	2026-03-26	DevOps	https://cl.linkedin.com/jobs/view/devops-at-global66-4390726276
new	LinkedIn	Uruguay	GOAT Digital	Digital Project Manager	Uruguay	2025-10-03	IT Manager	https://uy.linkedin.com/jobs/view/digital-project-manager-at-goat-digital-4309859717
new	LinkedIn	Bolivia	GOAT Digital	Digital Project Manager	Bolivia	2025-10-03	Technical Project Manager	https://bo.linkedin.com/jobs/view/digital-project-manager-at-goat-digital-4309856756
new	LinkedIn	Argentina	Greenhouse Software	Platform Engineer (Contract, Argentina)	Argentina	2026-06-05	Site Reliability Engineer	https://ar.linkedin.com/jobs/view/platform-engineer-contract-argentina-at-greenhouse-software-4417667882
new	LinkedIn	Chile	Grenergy	Gerente de Ciberseguridad	Santiago, Santiago Metropolitan Region, Chile	2026-05-27	IT Manager	https://cl.linkedin.com/jobs/view/gerente-de-ciberseguridad-at-grenergy-4417253751
new	LinkedIn	Chile	Grupo Falabella	Product Owner Finanzas	Santiago, Santiago Metropolitan Region, Chile	2026-06-04	Product Owner	https://cl.linkedin.com/jobs/view/product-owner-finanzas-at-grupo-falabella-4423388787
new	LinkedIn	Chile	Grupo Nuestros Parques	Ingeniero en Infraestructura TI	Santiago, Santiago Metropolitan Region, Chile	2026-06-06	Jefe de Infraestructura	https://cl.linkedin.com/jobs/view/ingeniero-en-infraestructura-ti-at-grupo-nuestros-parques-4425149544
new	LinkedIn	Uruguay	Guyer & Regules	Analista de infraestructura	Montevideo, Uruguay	2026-06-05	Security Engineer	https://uy.linkedin.com/jobs/view/analista-de-infraestructura-at-guyer-regules-4421171343
new	LinkedIn	Uruguay	Guyer & Regules	Técnico Senior de Infraestructura	Montevideo, Uruguay	2026-06-05	Cloud Engineer	https://uy.linkedin.com/jobs/view/t%C3%A9cnico-senior-de-infraestructura-at-guyer-regules-4421184131
new	LinkedIn	Argentina	HeyClue	Platform/DevOps Engineer	Argentina	2026-05-21	DevOps	https://ar.linkedin.com/jobs/view/platform-devops-engineer-at-heyclue-4417742793
new	LinkedIn	Argentina	Hire Feed	AWS Cloud Engineer (Remote)	Argentina	2026-06-15	Cloud Engineer	https://ar.linkedin.com/jobs/view/aws-cloud-engineer-remote-at-hire-feed-4428851182
new	LinkedIn	Chile	Hire Feed	Cloud Engineer (Remote)	Chile	2026-06-15	DevOps	https://cl.linkedin.com/jobs/view/cloud-engineer-remote-at-hire-feed-4428849699
new	LinkedIn	Chile	Hire Feed	Cloud Engineer (Remote)	Chile	2026-06-15	DevOps	https://cl.linkedin.com/jobs/view/cloud-engineer-remote-at-hire-feed-4428846429
new	LinkedIn	Chile	Hire Feed	Cybersecurity Engineer (Remote)	Chile	2026-06-15	Security Engineer	https://cl.linkedin.com/jobs/view/cybersecurity-engineer-remote-at-hire-feed-4428839783
new	LinkedIn	Chile	Hitss Chile	SRE / DevOps – Inteligencia Artificial & Cloud	Huechuraba, Santiago Metropolitan Region, Chile	2026-05-20	DevOps	https://cl.linkedin.com/jobs/view/sre-devops-%E2%80%93-inteligencia-artificial-cloud-at-hitss-chile-4413623446
new	LinkedIn	Argentina	Huzzle.com	Technical Project Manager (AI Systems)	Argentina	2026-04-07	Project Manager IT	https://ar.linkedin.com/jobs/view/technical-project-manager-ai-systems-at-huzzle-com-4398363389
new	LinkedIn	Argentina	Ideamine Technologies (Acquired by Netrix Global)	AWS Data Engineer	Greater Buenos Aires	2026-05-30	DevOps	https://ar.linkedin.com/jobs/view/aws-data-engineer-at-ideamine-technologies-acquired-by-netrix-global-4418301105
new	LinkedIn	Argentina	Ideamine Technologies (Acquired by Netrix Global)	Cloud Security Engineer	Greater Buenos Aires	2026-03-04	AWS Cloud Engineer	https://ar.linkedin.com/jobs/view/cloud-security-engineer-at-ideamine-technologies-acquired-by-netrix-global-4378563348
new	LinkedIn	Chile	IDT Corporation	DevOps Engineer - Latam	Santiago, Santiago Metropolitan Region, Chile	2026-04-09	DevOps	https://cl.linkedin.com/jobs/view/devops-engineer-latam-at-idt-corporation-4399832331
new	LinkedIn	Chile	IKEA	ANALISTA DE SOPORTE OPERACIONAL Y SISTEMAS	Pudahuel, Santiago Metropolitan Region, Chile	2026-06-03	Analista de Sistemas	https://cl.linkedin.com/jobs/view/analista-de-soporte-operacional-y-sistemas-at-ikea-4413726027
new	LinkedIn	Chile	INEXOOS	Product Owner	Santiago, Santiago Metropolitan Region, Chile	2026-06-03	Product Owner	https://cl.linkedin.com/jobs/view/product-owner-at-inexoos-4424268130
new	LinkedIn	Chile	Infosys	Site Reliability Engineer (SRE)	Santiago, Santiago Metropolitan Region, Chile	2026-06-04	Site Reliability Engineer	https://cl.linkedin.com/jobs/view/site-reliability-engineer-sre-at-infosys-4402821633
new	LinkedIn	Chile	InterSystems	Ingeniero/a Senior de Infraestructura	Santiago, Santiago Metropolitan Region, Chile	2026-06-02	Jefe de Infraestructura	https://cl.linkedin.com/jobs/view/ingeniero-a-senior-de-infraestructura-at-intersystems-4422498628
new	LinkedIn	Chile	InterSystems	Senior Infrastructure Engineer	Santiago, Santiago Metropolitan Region, Chile	2026-06-10	Jefe de Infraestructura	https://cl.linkedin.com/jobs/view/senior-infrastructure-engineer-at-intersystems-4408205224
new	LinkedIn	Argentina	Intuition Machines	Security Software Engineer	Argentina	2026-01-15	Security Engineer	https://ar.linkedin.com/jobs/view/security-software-engineer-at-intuition-machines-4362753473
new	LinkedIn	Chile	Ionix Mobile Payments	SubGerente de Operaciones e Infraestructura	Santiago, Santiago Metropolitan Region, Chile	2026-05-07	Jefe de Infraestructura	https://cl.linkedin.com/jobs/view/subgerente-de-operaciones-e-infraestructura-at-ionix-mobile-payments-4411689684
new	LinkedIn	Chile	IT Hunter	Jefe/a de Ingeniería de Sistemas	Santiago Metropolitan Region, Chile	2026-06-05	Jefe de Infraestructura	https://cl.linkedin.com/jobs/view/jefe-a-de-ingenier%C3%ADa-de-sistemas-at-it-hunter-4424614223
new	LinkedIn	Argentina	Job Duck	Product Owner	Argentina	2026-06-12	Product Owner	https://ar.linkedin.com/jobs/view/product-owner-at-job-duck-4428113409
new	LinkedIn	Argentina	Jobgether	Product Owner (Client Experience)	Argentina	2026-06-12	Product Owner	https://ar.linkedin.com/jobs/view/product-owner-client-experience-at-jobgether-4426926793
new	LinkedIn	Chile	Jobgether	Product Owner (Client Experience)	Chile	2026-06-12	Product Owner	https://cl.linkedin.com/jobs/view/product-owner-client-experience-at-jobgether-4426931823
new	LinkedIn	Chile	Jobgether	Security Researcher - Bot Detection Adversarial Research	Chile	2026-06-11	Infrastructure Engineer	https://cl.linkedin.com/jobs/view/security-researcher-bot-detection-adversarial-research-at-jobgether-4423610999
new	LinkedIn	Bolivia	Keppri	Devops (Remoto)(Exp en Banca) K526	Cochabamba, Cochabamba, Bolivia	2026-05-09	DevOps	https://bo.linkedin.com/jobs/view/devops-remoto-exp-en-banca-k526-at-keppri-4412485215
new	LinkedIn	Bolivia	Keppri	Ingeniero Cloud (Remoto)(Exp en Banca) K526	Cochabamba, Cochabamba, Bolivia	2026-05-09	DevOps	https://bo.linkedin.com/jobs/view/ingeniero-cloud-remoto-exp-en-banca-k526-at-keppri-4412470783
new	LinkedIn	Bolivia	Keppri	Product Owner para Banco (Remoto) K526	Cochabamba, Cochabamba, Bolivia	2026-05-09	Technical Project Manager	https://bo.linkedin.com/jobs/view/product-owner-para-banco-remoto-k526-at-keppri-4412471672
new	LinkedIn	Argentina	Kiwi	Senior Platform Engineer	Argentina	2026-06-01	Site Reliability Engineer	https://ar.linkedin.com/jobs/view/senior-platform-engineer-at-kiwi-4421842861
new	LinkedIn	Chile	Kraken	Site Reliability Engineer - AI Agents	Chile	2026-06-11	Cloud Engineer	https://cl.linkedin.com/jobs/view/site-reliability-engineer-ai-agents-at-kraken-4426620494
new	LinkedIn	Uruguay	Kraken	Site Reliability Engineer - Core Infrastructure	Uruguay	2026-06-12	Jefe de Infraestructura	https://uy.linkedin.com/jobs/view/site-reliability-engineer-core-infrastructure-at-kraken-4426973362
new	LinkedIn	Chile	Ludipek	Analista de Sistemas y TI	Santiago, Santiago Metropolitan Region, Chile	2026-04-15	Analista de Sistemas	https://cl.linkedin.com/jobs/view/analista-de-sistemas-y-ti-at-ludipek-4402609001
new	LinkedIn	Uruguay	Marvik	DevOps Engineer	Montevideo, Montevideo, Uruguay	2026-03-12	Gerente de Sistemas	https://uy.linkedin.com/jobs/view/devops-engineer-at-marvik-4383288098
new	LinkedIn	Bolivia	MicroSourcing	Professional Services Project Manager	Bolivia	2026-05-25	Technical Project Manager	https://bo.linkedin.com/jobs/view/professional-services-project-manager-at-microsourcing-4367118414
new	LinkedIn	Argentina	Miratech	Genesys Cloud CX Business Analyst	Buenos Aires, Buenos Aires Province, Argentina	2026-04-30	Product Owner	https://ar.linkedin.com/jobs/view/genesys-cloud-cx-business-analyst-at-miratech-4406728212
new	LinkedIn	Argentina	Miratech	Genesys Cloud CX Business Analyst	Cordoba, Córdoba, Argentina	2026-04-30	Product Owner	https://ar.linkedin.com/jobs/view/genesys-cloud-cx-business-analyst-at-miratech-4406714924
new	LinkedIn	Argentina	Mission Inbox	Senior Systems Engineer - Email Deliverability & Infrastructure	Palermo, Corrientes, Argentina	2026-06-03	Infrastructure Engineer	https://ar.linkedin.com/jobs/view/senior-systems-engineer-email-deliverability-infrastructure-at-mission-inbox-4422691200
new	LinkedIn	Bolivia	Mojix	Senior DevOps Engineer	Totora, La Paz, Bolivia	2026-06-12	DevOps	https://bo.linkedin.com/jobs/view/senior-devops-engineer-at-mojix-4428315290
new	LinkedIn	Argentina	Mphasis	Site Reliability Engineer	Buenos Aires Province, Argentina	2026-06-09	Site Reliability Engineer	https://ar.linkedin.com/jobs/view/site-reliability-engineer-at-mphasis-4425826550
new	LinkedIn	Argentina	Netrix Global	AWS Data Engineer	Greater Buenos Aires	2026-05-29	DevOps	https://ar.linkedin.com/jobs/view/aws-data-engineer-at-netrix-global-4420970848
new	LinkedIn	Argentina	Netrix Global	Cloud Security Engineer	Greater Buenos Aires	2026-03-03	Security Engineer	https://ar.linkedin.com/jobs/view/cloud-security-engineer-at-netrix-global-4380365475
new	LinkedIn	Uruguay	NextLink Labs	Project Manager - Uruguay	Cerro Largo, Uruguay	2026-05-20	DevOps	https://uy.linkedin.com/jobs/view/project-manager-uruguay-at-nextlink-labs-4417002638
new	LinkedIn	Chile	Nisum	Cloud Engineer (Azure)	Chile	2026-05-07	DevOps	https://cl.linkedin.com/jobs/view/cloud-engineer-azure-at-nisum-4411695105
new	LinkedIn	Chile	Nisum	Senior DevOps (GCP)	Chile	2026-02-04	AWS Cloud Engineer	https://cl.linkedin.com/jobs/view/senior-devops-gcp-at-nisum-4369279085
new	LinkedIn	Chile	Novasis LLC	Analista de sistemas	Santiago, Santiago Metropolitan Region, Chile	2026-05-06	Analista de Sistemas	https://cl.linkedin.com/jobs/view/analista-de-sistemas-at-novasis-llc-4411250460
new	LinkedIn	Chile	ON.energy	AWS Cloud Engineer	Chile	2026-06-12	Cloud Engineer	https://cl.linkedin.com/jobs/view/aws-cloud-engineer-at-on-energy-4428142884
new	LinkedIn	Argentina	OneSeven Tech (OST)	Security Analyst — MCP & Application	Argentina	2026-06-10	IT Manager	https://ar.linkedin.com/jobs/view/security-analyst-%E2%80%94-mcp-application-at-oneseven-tech-ost-4423157462
new	LinkedIn	Argentina	OpenSesame	Senior DevOps Engineer – Remote (Argentina or Mexico)	Argentina	2026-04-15	DevOps	https://ar.linkedin.com/jobs/view/senior-devops-engineer-%E2%80%93-remote-argentina-or-mexico-at-opensesame-4402214964
new	LinkedIn	Argentina	Particle41	DevOps Engineer	Argentina	2026-01-19	DevOps	https://ar.linkedin.com/jobs/view/devops-engineer-at-particle41-4364322091
new	LinkedIn	Argentina	Particle41	Devops Engineer (AWS)	Argentina	2026-03-28	DevOps	https://ar.linkedin.com/jobs/view/devops-engineer-aws-at-particle41-4405272040
new	LinkedIn	Argentina	Particle41	Devops Engineer (AWS)	Argentina	2026-03-28	Cloud Engineer	https://ar.linkedin.com/jobs/view/devops-engineer-aws-at-particle41-4405253985
new	LinkedIn	Argentina	Particle41	Devops Engineer (Azure)	Argentina	2026-01-19	Cloud Engineer	https://ar.linkedin.com/jobs/view/devops-engineer-azure-at-particle41-4364371986
new	LinkedIn	Uruguay	PartnerOne	Information Security Manager	Uruguay	2026-05-28	Security Engineer	https://uy.linkedin.com/jobs/view/information-security-manager-at-partnerone-4420608691
new	LinkedIn	Argentina	Personal	Product Owner Cash Management - Personal Pay	Argentina	2026-06-05	Product Owner	https://ar.linkedin.com/jobs/view/product-owner-cash-management-personal-pay-at-personal-4424793322
new	LinkedIn	Argentina	Personal	Product Owner Cobranzas	Argentina	2026-06-03	Product Owner	https://ar.linkedin.com/jobs/view/product-owner-cobranzas-at-personal-4423018821
new	LinkedIn	Chile	Pragmatike	DevOps Engineer (Remote)	Chile	2026-06-03	DevOps	https://cl.linkedin.com/jobs/view/devops-engineer-remote-at-pragmatike-4422687758
new	LinkedIn	Chile	Proyectum Chile	Product Owner	Santiago, Santiago Metropolitan Region, Chile	2026-05-27	Product Owner	https://cl.linkedin.com/jobs/view/product-owner-at-proyectum-chile-4419570368
new	LinkedIn	Argentina	PwC	Analista de ciberseguridad	Argentina	2026-05-28	Analista de Sistemas	https://ar.linkedin.com/jobs/view/analista-de-ciberseguridad-at-pwc-4420440411
new	LinkedIn	Argentina	Pyramid Consulting, Inc	DevOps Engineer	Argentina	2026-06-15	DevOps	https://ar.linkedin.com/jobs/view/devops-engineer-at-pyramid-consulting-inc-4428887902
new	LinkedIn	Argentina	Quik Hire Staffing	AWS Cloud Engineer (Remote)	Argentina	2026-06-15	AWS Cloud Engineer	https://ar.linkedin.com/jobs/view/aws-cloud-engineer-remote-at-quik-hire-staffing-4428843930
new	LinkedIn	Argentina	Quik Hire Staffing	Cloud Engineer (Remote)	Argentina	2026-06-10	Cloud Engineer	https://ar.linkedin.com/jobs/view/cloud-engineer-remote-at-quik-hire-staffing-4426796581
new	LinkedIn	Argentina	Quik Hire Staffing	DevOps Engineer (Remote)	Argentina	2026-06-15	DevOps	https://ar.linkedin.com/jobs/view/devops-engineer-remote-at-quik-hire-staffing-4428867016
new	LinkedIn	Argentina	QuintoAndar	Grupo QuintoAndar | Project Manager - IA Classifieds	Buenos Aires, Buenos Aires Province, Argentina	2026-06-02	Technical Project Manager	https://ar.linkedin.com/jobs/view/grupo-quintoandar-project-manager-ia-classifieds-at-quintoandar-4422467651
new	LinkedIn	Argentina	Randstad Digital	Cloud Platform Engineer	Argentina	2026-06-09	Cloud Engineer	https://ar.linkedin.com/jobs/view/cloud-platform-engineer-at-randstad-digital-4426373077
new	LinkedIn	Argentina	Reba	Ingeniero de Redes e Infraestructura Cloud	Buenos Aires, Buenos Aires Province, Argentina	2026-05-26	Jefe de Infraestructura	https://ar.linkedin.com/jobs/view/ingeniero-de-redes-e-infraestructura-cloud-at-reba-4416856717
new	LinkedIn	Argentina	Red Hat	Infrastructure Telco Architect	Argentina	2026-06-05	Infrastructure Engineer	https://ar.linkedin.com/jobs/view/infrastructure-telco-architect-at-red-hat-4424526154
new	LinkedIn	Argentina	Red Hat	Infrastructure Telco Architect	Argentina	2026-06-05	Infrastructure Engineer	https://ar.linkedin.com/jobs/view/infrastructure-telco-architect-at-red-hat-4424512947
new	LinkedIn	Chile	Ripley Chile	Site Reliability Engineer - (Associate Level)	Las Condes, Santiago Metropolitan Region, Chile	2026-05-18	Site Reliability Engineer	https://cl.linkedin.com/jobs/view/site-reliability-engineer-associate-level-at-ripley-chile-4400207597
new	LinkedIn	Chile	Ripley Chile	Site Reliability Engineer – (Senior Level)	Las Condes, Santiago Metropolitan Region, Chile	2026-05-18	Site Reliability Engineer	https://cl.linkedin.com/jobs/view/site-reliability-engineer-%E2%80%93-senior-level-at-ripley-chile-4399266353
new	LinkedIn	Argentina	RootstockLabs	Operational Security Engineer	Argentina	2026-05-29	Security Engineer	https://ar.linkedin.com/jobs/view/operational-security-engineer-at-rootstocklabs-4420916220
new	LinkedIn	Uruguay	RUA Asistencia	Responsable de Infraestructura IT	Montevideo, Montevideo, Uruguay	2026-06-12	Jefe de Infraestructura	https://uy.linkedin.com/jobs/view/responsable-de-infraestructura-it-at-rua-asistencia-4427690647
new	LinkedIn	Argentina	SearchApi	Senior Infrastructure Engineer	Argentina	2025-12-05	Cloud Engineer	https://ar.linkedin.com/jobs/view/senior-infrastructure-engineer-at-searchapi-4342431762
new	LinkedIn	Chile	SearchApi	Senior Infrastructure Engineer	Chile	2025-12-05	DevOps	https://cl.linkedin.com/jobs/view/senior-infrastructure-engineer-at-searchapi-4342421686
new	LinkedIn	Argentina	Sezzle	Senior Security Infrastructure Engineer	Argentina	2026-06-13	Security Engineer	https://ar.linkedin.com/jobs/view/senior-security-infrastructure-engineer-at-sezzle-4400298271
new	LinkedIn	Chile	Signant Health	Cloud Operations Database Engineer	Chile	2026-06-09	Cloud Engineer	https://cl.linkedin.com/jobs/view/cloud-operations-database-engineer-at-signant-health-4425878863
new	LinkedIn	Chile	Signant Health	Senior Cloud Operations Engineer - Technology IT	Santiago Metropolitan Region, Chile	2026-06-08	Cloud Engineer	https://cl.linkedin.com/jobs/view/senior-cloud-operations-engineer-technology-it-at-signant-health-4425926270
new	LinkedIn	Argentina	Smart IT Frame LLC	Azure DevOps Engineer	Argentina	2026-06-11	Platform Engineer	https://ar.linkedin.com/jobs/view/azure-devops-engineer-at-smart-it-frame-llc-4426605498
new	LinkedIn	Argentina	Smart IT Frame LLC	DevOps Engineer	Argentina	2026-06-10	DevOps	https://ar.linkedin.com/jobs/view/devops-engineer-at-smart-it-frame-llc-4426099568
new	LinkedIn	Argentina	Smart IT Frame LLC	Security Operations Center Business Analyst	Argentina	2026-06-15	Product Owner	https://ar.linkedin.com/jobs/view/security-operations-center-business-analyst-at-smart-it-frame-llc-4427714247
new	LinkedIn	Argentina	Softtek	Analista Funcional	Buenos Aires Province, Argentina	2026-06-04	Analista de Sistemas	https://ar.linkedin.com/jobs/view/analista-funcional-at-softtek-4423396145
new	LinkedIn	Chile	SONDA	Analista Funcional Mejoras de Sistemas- Programa Fresh Graduates	Santiago Metropolitan Region, Chile	2026-05-29	Analista Funcional	https://cl.linkedin.com/jobs/view/analista-funcional-mejoras-de-sistemas-programa-fresh-graduates-at-sonda-4420685041
new	LinkedIn	Uruguay	SONDA	Jefe de Infraestructura Cloud y Operaciones	Montevideo, Uruguay	2026-05-21	Jefe de Infraestructura	https://uy.linkedin.com/jobs/view/jefe-de-infraestructura-cloud-y-operaciones-at-sonda-4417754852
new	LinkedIn	Argentina	Sophilabs	AWS Developer	Departamento Uruguay, Entre Ríos Province, Argentina	2026-06-15	DevOps	https://ar.linkedin.com/jobs/view/aws-developer-at-sophilabs-4426428037
new	LinkedIn	Argentina	Sophilabs	AWS Developer	Departamento Uruguay, Entre Ríos Province, Argentina	2026-04-28	Cloud Engineer	https://ar.linkedin.com/jobs/view/aws-developer-at-sophilabs-4405567563
new	LinkedIn	Argentina	Sophilabs	Cyber Security Engineer	Departamento Uruguay, Entre Ríos Province, Argentina	2026-06-15	Security Engineer	https://ar.linkedin.com/jobs/view/cyber-security-engineer-at-sophilabs-4426429033
new	LinkedIn	Argentina	Sophilabs	DevOps Engineer	Departamento Uruguay, Entre Ríos Province, Argentina	2026-06-15	DevOps	https://ar.linkedin.com/jobs/view/devops-engineer-at-sophilabs-4426420307
new	LinkedIn	Argentina	Soution	Project Manager JR - Remote	Greater Buenos Aires	2026-06-15	Technical Project Manager	https://ar.linkedin.com/jobs/view/project-manager-jr-remote-at-soution-4428883138
new	LinkedIn	Chile	Stefanini Group	DevOps/ SRE GCP - 100% REMOTO	Chile	2026-05-22	DevOps	https://cl.linkedin.com/jobs/view/devops-sre-gcp-100%25-remoto-at-stefanini-group-4417197538
new	LinkedIn	Argentina	Svitla Systems, Inc.	SENIOR CYBERSECURITY ENGINEER	Argentina	2026-06-04	Security Engineer	https://ar.linkedin.com/jobs/view/senior-cybersecurity-engineer-at-svitla-systems-inc-4423380045
new	LinkedIn	Argentina	Svitla Systems, Inc.	SENIOR PLATFORM ENGINEER	Argentina	2026-05-29	Platform Engineer	https://ar.linkedin.com/jobs/view/senior-platform-engineer-at-svitla-systems-inc-4420937298
new	LinkedIn	Argentina	Talent Connect	Analista Funcional – IA Generativa / SQL / Azure (Híbrido - Remoto)	Greater Buenos Aires	2026-06-11	Analista de Sistemas	https://ar.linkedin.com/jobs/view/analista-funcional-%E2%80%93-ia-generativa-sql-azure-h%C3%ADbrido-remoto-at-talent-connect-4426189283
new	LinkedIn	Argentina	Talent Solutions	Especialista en Infraestructura y Tecnología	Hurlingham, Buenos Aires Province, Argentina	2026-06-07	Jefe de Infraestructura	https://ar.linkedin.com/jobs/view/especialista-en-infraestructura-y-tecnolog%C3%ADa-at-talent-solutions-4421913391
new	LinkedIn	Uruguay	Talenter	Analista de Ciberseguridad	Montevideo, Montevideo, Uruguay	2026-04-23	Security Engineer	https://uy.linkedin.com/jobs/view/analista-de-ciberseguridad-at-talenter-4405029408
new	LinkedIn	Uruguay	Talenter	Especialista Senior en Ciberseguridad	Montevideo, Montevideo, Uruguay	2026-05-30	Security Engineer	https://uy.linkedin.com/jobs/view/especialista-senior-en-ciberseguridad-at-talenter-4422071642
new	LinkedIn	Uruguay	Tata Consultancy Services	Network Security Engineer	Montevideo, Uruguay	2026-05-18	Security Engineer	https://uy.linkedin.com/jobs/view/network-security-engineer-at-tata-consultancy-services-4416402628
new	LinkedIn	Uruguay	Tata Consultancy Services	Project Manager	Montevideo, Uruguay	2026-05-18	Technical Project Manager	https://uy.linkedin.com/jobs/view/project-manager-at-tata-consultancy-services-4416285825
new	LinkedIn	Chile	Tata Consultancy Services	Site Reliability Engineer (SRE)	Las Condes, Santiago Metropolitan Region, Chile	2026-05-13	Site Reliability Engineer	https://cl.linkedin.com/jobs/view/site-reliability-engineer-sre-at-tata-consultancy-services-4411694953
new	LinkedIn	Argentina	Tech9	Mid DevOps Engineer	Argentina	2026-05-20	DevOps	https://ar.linkedin.com/jobs/view/mid-devops-engineer-at-tech9-4417367513
new	LinkedIn	Argentina	Teladoc Health	DevOps Engineer III - Argentina	Buenos Aires Province, Argentina	2026-06-09	Site Reliability Engineer	https://ar.linkedin.com/jobs/view/devops-engineer-iii-argentina-at-teladoc-health-4422233725
new	LinkedIn	Argentina	Teravision Technologies	DevOps Engineer	Buenos Aires, Buenos Aires Province, Argentina	2025-09-29	AWS Cloud Engineer	https://ar.linkedin.com/jobs/view/devops-engineer-at-teravision-technologies-4305828322
new	LinkedIn	Chile	The Global Talent Co.	DevOps Content Engineer (LATAM)	Santiago, Santiago Metropolitan Region, Chile	2026-05-20	Platform Engineer	https://cl.linkedin.com/jobs/view/devops-content-engineer-latam-at-the-global-talent-co-4417001635
new	LinkedIn	Argentina	Tiendanube	Application Security Engineer - Argentina	Argentina	2026-06-12	Security Engineer	https://ar.linkedin.com/jobs/view/application-security-engineer-argentina-at-tiendanube-4400284760
new	LinkedIn	Chile	TIPartner Consulting	DevOps Engineer	Santiago, Santiago Metropolitan Region, Chile	2026-04-30	DevOps	https://cl.linkedin.com/jobs/view/devops-engineer-at-tipartner-consulting-4407082826
new	LinkedIn	Chile	Topsort	Software Engineer Infrastructure	Santiago Metropolitan Region, Chile	2026-06-12	Site Reliability Engineer	https://cl.linkedin.com/jobs/view/software-engineer-infrastructure-at-topsort-4428101576
new	LinkedIn	Chile	Topsort	Software Engineer, Infrastructure	Santiago, Santiago Metropolitan Region, Chile	2026-05-18	Site Reliability Engineer	https://cl.linkedin.com/jobs/view/software-engineer-infrastructure-at-topsort-4427221021
new	LinkedIn	Argentina	Trafilea	DevOps (Cloud Engineer) Lead	Argentina	2026-04-22	Jefe de Infraestructura	https://ar.linkedin.com/jobs/view/devops-cloud-engineer-lead-at-trafilea-4405222794
new	LinkedIn	Uruguay	Truelogic Software	Senior Full-Stack Engineer (.NET/Angular) (Modernization & Security) - GovTech / HR Software - Uruguay	Uruguay	2026-05-29	Platform Engineer	https://uy.linkedin.com/jobs/view/senior-full-stack-engineer-net-angular-modernization-security-govtech-hr-software-uruguay-at-truelogic-software-4421229368
new	LinkedIn	Uruguay	Truelogic Software	Senior Technical Project Manager - Online Media	Uruguay	2026-06-09	IT Manager	https://uy.linkedin.com/jobs/view/senior-technical-project-manager-online-media-at-truelogic-software-4426344016
new	LinkedIn	Argentina	TurnKey Tech Staffing	Senior Systems Administrator (with AWS)	Argentina	2026-06-15	Infrastructure Engineer	https://ar.linkedin.com/jobs/view/senior-systems-administrator-with-aws-at-turnkey-tech-staffing-4428860323
new	LinkedIn	Uruguay	Universal Soluciones Tecnológicas	Líder de Infraestructura Tecnológica	Montevideo, Montevideo, Uruguay	2026-06-10	Jefe de Infraestructura	https://uy.linkedin.com/jobs/view/l%C3%ADder-de-infraestructura-tecnol%C3%B3gica-at-universal-soluciones-tecnol%C3%B3gicas-4423139420
new	LinkedIn	Argentina	Urbetrack	DevOps Leader	Buenos Aires, Buenos Aires Province, Argentina	2026-04-08	Jefe de Infraestructura	https://ar.linkedin.com/jobs/view/devops-leader-at-urbetrack-4398640545
new	LinkedIn	Argentina	Velozient	Project Manager	Argentina	2026-06-15	Project Manager IT	https://ar.linkedin.com/jobs/view/project-manager-at-velozient-4428869893
new	LinkedIn	Argentina	Velozient	Technical Project Manager	Argentina	2026-06-15	Project Manager IT	https://ar.linkedin.com/jobs/view/technical-project-manager-at-velozient-4428833444
new	LinkedIn	Bolivia	Waverley Software	AI Product Owner (Remote)	Cochabamba, Cochabamba, Bolivia	2026-03-27	Technical Project Manager	https://bo.linkedin.com/jobs/view/ai-product-owner-remote-at-waverley-software-4390914742
new	LinkedIn	Argentina	Webflow	Senior Infrastructure Engineer	Buenos Aires Province, Argentina	2026-06-12	Site Reliability Engineer	https://ar.linkedin.com/jobs/view/senior-infrastructure-engineer-at-webflow-4428134633
new	LinkedIn	Chile	Whitestack	Cloud Integration Engineer - CL	Providencia, Santiago Metropolitan Region, Chile	2026-03-10	Infrastructure Engineer	https://cl.linkedin.com/jobs/view/cloud-integration-engineer-cl-at-whitestack-4382443910
new	LinkedIn	Uruguay	Whitestack	Cloud NOC Engineer - UY	Montevideo, Montevideo, Uruguay	2026-03-10	IT Manager	https://uy.linkedin.com/jobs/view/cloud-noc-engineer-uy-at-whitestack-4382453644
new	LinkedIn	Uruguay	Whitestack	Cloud Support Engineer - UY	Montevideo, Montevideo, Uruguay	2026-03-10	IT Manager	https://uy.linkedin.com/jobs/view/cloud-support-engineer-uy-at-whitestack-4382443943
new	LinkedIn	Chile	World Business Lenders, LLC	Cybersecurity Analyst	El Salvador, Atacama Region, Chile	2026-05-28	Security Engineer	https://cl.linkedin.com/jobs/view/cybersecurity-analyst-at-world-business-lenders-llc-4420446640
new	LinkedIn	Uruguay	WPP Production	Project Manager	Montevideo, Montevideo, Uruguay	2026-05-11	Technical Project Manager	https://uy.linkedin.com/jobs/view/project-manager-at-wpp-production-4371665027
new	LinkedIn	Argentina	Yotta Labs	GPU Cloud Platform Engineer	Argentina	2025-11-28	Site Reliability Engineer	https://ar.linkedin.com/jobs/view/gpu-cloud-platform-engineer-at-yotta-labs-4339199669
new	LinkedIn	Uruguay	Zaelab	Project Manager, CPQ	Uruguay	2026-04-27	IT Manager	https://uy.linkedin.com/jobs/view/project-manager-cpq-at-zaelab-4407455925
new	LinkedIn	Argentina	Zencore	Project Manager	Argentina	2026-06-09	Technical Project Manager	https://ar.linkedin.com/jobs/view/project-manager-at-zencore-4426319519
known	LinkedIn	Argentina	Apply Digital	Sr Project Manager	Argentina	2026-06-03	Gerente de Sistemas	https://ar.linkedin.com/jobs/view/sr-project-manager-at-apply-digital-4422659833
known	LinkedIn	Argentina	ElectroNeek	DevOps Engineer	Argentina	2026-05-21	DevOps	https://ar.linkedin.com/jobs/view/devops-engineer-at-electroneek-4416347576
known	LinkedIn	Argentina	HRBaires	Middle DevOps Engineer	Argentina	2026-06-11	Cloud Engineer	https://ar.linkedin.com/jobs/view/middle-devops-engineer-at-hrbaires-4426672027
known	LinkedIn	Argentina	Huzzle.com	Technical Project Manager	Argentina	2026-05-28	Project Manager IT	https://ar.linkedin.com/jobs/view/technical-project-manager-at-huzzle-com-4420278475
known	LinkedIn	Argentina	Huzzle.com	Technical Project Manager	Argentina	2026-04-23	Project Manager IT	https://ar.linkedin.com/jobs/view/technical-project-manager-at-huzzle-com-4405617637
known	LinkedIn	Argentina	Novatium - Consulting & Outsourcing	Analista de Infraestructura SR - CABA	Autonomous City of Buenos Aires, Buenos Aires Province, Argentina	2026-06-10	Jefe de Infraestructura	https://ar.linkedin.com/jobs/view/analista-de-infraestructura-sr-caba-at-novatium-consulting-outsourcing-4427082779
known	LinkedIn	Argentina	OneInfo Consulting	Coordinador de Infraestructura	Buenos Aires, Buenos Aires Province, Argentina	2026-04-01	Jefe de Infraestructura	https://ar.linkedin.com/jobs/view/coordinador-de-infraestructura-at-oneinfo-consulting-4396771180
known	LinkedIn	Argentina	SLC - Recursos Humanos	Infraestructura y Gestión de Proyectos IT	Vicente López, Buenos Aires Province, Argentina	2026-05-29	Jefe de Infraestructura	https://ar.linkedin.com/jobs/view/infraestructura-y-gesti%C3%B3n-de-proyectos-it-at-slc-recursos-humanos-4417964384
known	LinkedIn	Argentina	Vicuña	Especialista IT Infraestructura	San Juan, Argentina	2026-05-29	Jefe de Infraestructura	https://ar.linkedin.com/jobs/view/especialista-it-infraestructura-at-vicu%C3%B1a-4417966947
known	Pipeline	Existing	Accenture Argentina	Cloud Administrators — LinkedIn requiere login — pegá el texto de la oferta			pipeline	https://ar.linkedin.com/jobs/view/cloud-administrators-at-accenture-argentina-4328059546
known	Pipeline	Existing	Accenture Argentina	Infrastructure Consulting Cloud — LinkedIn requiere login — pegá el texto de la oferta			pipeline	https://ar.linkedin.com/jobs/view/infrastructure-consulting-cloud-at-accenture-argentina-4328170267
known	Pipeline	Existing	Aledade	Senior Technical Program Manager (DevOps), Remote			pipeline	https://jobs.lever.co/aledade/3854c9ab-3b00-460f-9b73-5ff50ecda8df
known	Pipeline	Existing	Alignable	Engineering Manager (US Remote)			pipeline	https://jobs.lever.co/Alignable/b29041d7-3509-4817-beac-a2aef82e3b1f
known	Pipeline	Existing	Arize AI	DevOps Support Engineer (Argentina) — LinkedIn requiere login — pegá el texto de la oferta			pipeline	https://ar.linkedin.com/jobs/view/devops-support-engineer-argentina-at-arize-ai-4401389865
known	Pipeline	Existing	BC Tecnología	Senior Cloud Platform Engineer (LATAM)			pipeline	https://www.getonbrd.com/jobs/programming/senior-cloud-platform-engineer-latam-bc-tecnologia-remote
known	Pipeline	Existing	Canonical	Cloud Engineering Manager	Worldwide		pipeline	https://job-boards.greenhouse.io/canonical/jobs/4676649
known	Pipeline	Existing	Canonical	Cloud Solutions Architect - Alliances	Worldwide		pipeline	https://job-boards.greenhouse.io/canonical/jobs/5915936
known	Pipeline	Existing	Canonical	Observability Engineering Manager	Americas + EMEA		pipeline	https://job-boards.greenhouse.io/canonical/jobs/5739500
known	Pipeline	Existing	Canonical	Software Engineering Manager - Container and Virtualisation Infrastructure	Americas + EMEA		pipeline	https://job-boards.greenhouse.io/canonical/jobs/4086684
known	Pipeline	Existing	Clara	DevOps AWS Cost Optimization Specialist - Remote			pipeline	https://job-boards.greenhouse.io/clara/jobs/5035771007
known	Pipeline	Existing	Clara	Product Lead - LATAM			pipeline	https://job-boards.greenhouse.io/clara/jobs/5136291007
known	Pipeline	Existing	Clara	Product Lead (Líder de Producto) - LATAM			pipeline	https://job-boards.greenhouse.io/clara/jobs/5142970007
known	Pipeline	Existing	Clara	Senior Product Manager – LATAM (Remote)			pipeline	https://job-boards.greenhouse.io/clara/jobs/4721896007
known	Pipeline	Existing	Claro Argentina	Supervisor/a Product Owner Fintech — LinkedIn requiere login — pegá el texto de la oferta			pipeline	https://ar.linkedin.com/jobs/view/supervisor-a-product-owner-fintech-at-claro-argentina-4415135360
known	Pipeline	Existing	CloudKite	DevOps Engineer (Contract, LATAM)			pipeline	https://www.getonbrd.com/jobs/sysadmin-devops-qa/devops-engineer-contract-latam-cloudkite-remote
known	Pipeline	Existing	Cologix	Technical Program Manager - Service Delivery (Remote: USA)			pipeline	https://jobs.lever.co/cologix/5df56e43-7c56-4a6a-92cb-a43a2ba99004
known	Pipeline	Existing	CVC Corp Argentina	Cloud Engineer — LinkedIn requiere login — pegá el texto de la oferta			pipeline	https://ar.linkedin.com/jobs/view/cloud-engineer-at-cvc-corp-argentina-4416843424
known	Pipeline	Existing	GitLab	Site Reliability Engineer, Environment Automation	Remote, Canada + US		pipeline	https://job-boards.greenhouse.io/gitlab/jobs/8504232002
known	Pipeline	Existing	GSB Solutions	DevSecOps Cloud Engineer			pipeline	https://remotive.com/remote/jobs/devops/devsecops-cloud-engineer-4902750
known	Pipeline	Existing	Inngest	Distributed Systems Engineer - Platform	US/Remote		pipeline	https://jobs.ashbyhq.com/inngest/ae72d036-b98b-4abb-8454-a687870cf0ca
known	Pipeline	Existing	Luxury Presence	Technical Lead Manager - LATAM (Remote)			pipeline	https://jobs.lever.co/luxurypresence/bc170830-b83b-4f1b-8f07-012e9ef399ae
known	Pipeline	Existing	MetLife Argentina	Junior DevOps & Cloud Engineer — LinkedIn requiere login — pegá el texto de la oferta			pipeline	https://ar.linkedin.com/jobs/view/junior-devops-cloud-engineer-at-metlife-argentina-4415716230
known	Pipeline	Existing	PerfectServe	Senior Platform Engineer - US Remote			pipeline	https://job-boards.greenhouse.io/perfectserve/jobs/5868778004
known	Pipeline	Existing	Pontificia Universidad Católica Argentina	Analista de Redes — LinkedIn requiere login — pegá el texto de la oferta			pipeline	https://ar.linkedin.com/jobs/view/analista-de-redes-para-direcci%C3%B3n-de-sistemas-at-pontificia-universidad-cat%C3%B3lica-argentina-santa-mar%C3%ADa-de-los-buenos-aires-%E2%80%8B-4413165783
known	Pipeline	Existing	Pontificia Universidad Católica Argentina	Analista en Tecnologías — LinkedIn requiere login — pegá el texto de la oferta			pipeline	https://ar.linkedin.com/jobs/view/analista-en-tecnolog%C3%ADas-e-innovaci%C3%B3n-en-sistemas-bibliotecarios-at-pontificia-universidad-cat%C3%B3lica-argentina-santa-mar%C3%ADa-de-los-buenos-aires-%E2%80%8B-4409621666
known	Pipeline	Existing	Pragmatike	DevOps Engineer (Remote) — LinkedIn requiere login — pegá el texto de la oferta			pipeline	https://ar.linkedin.com/jobs/view/devops-engineer-remote-at-pragmatike-4422692690
known	Pipeline	Existing	PwC Argentina	Senior - Project Manager — LinkedIn requiere login — pegá el texto de la oferta			pipeline	https://ar.linkedin.com/jobs/view/senior-project-manager-at-pwc-argentina-4416630862
known	Pipeline	Existing	Quanata	Technical Program Manager II [Remote-US]			pipeline	https://job-boards.greenhouse.io/quanata/jobs/5994939004
known	Pipeline	Existing	Resend	Security Engineer, Platform	Americas / Remote		pipeline	https://jobs.ashbyhq.com/resend/cde17f7c-4c70-435f-be38-ef5abe94ff22
known	Pipeline	Existing	RunPod	Site Reliability Engineer	Remote, USA		pipeline	https://job-boards.greenhouse.io/runpod/jobs/5229443008
known	Pipeline	Existing	Smart Working Solutions	Senior AWS DevOps Engineer (Remote)			pipeline	https://jobs.lever.co/smart-working-solutions/0c3d8ad8-dc9e-48c1-a96f-9a8f4b8005ef
known	Pipeline	Existing	Supabase	Head of Observability	Remote		pipeline	https://jobs.ashbyhq.com/supabase/3d788231-c984-4bf7-bd8f-ca242988db4f
known	Pipeline	Existing	Supabase	Platform Engineer - Multicloud	Remote		pipeline	https://jobs.ashbyhq.com/supabase/847a7bd7-6b75-444a-aeda-d0b28a11c764
known	Pipeline	Existing	Supabase	Software Engineer: IaC Platform Experience	Remote		pipeline	https://jobs.ashbyhq.com/supabase/b7206c22-979f-444a-809b-e70d9ee23c7f
known	Pipeline	Existing	The Athletic	Staff Technical Program Manager (Remote)			pipeline	https://jobs.lever.co/theathletic/07dde37b-39e3-4786-993e-7499e7b8bd6e
known	Pipeline	Existing	Trivelta	Lead DevOps Engineer (Remote)			pipeline	https://job-boards.greenhouse.io/trivelta/jobs/4014139009
known	Pipeline	Existing	Typeform	DevSecOps Engineer	Ireland/Netherlands/UK Remote		pipeline	https://job-boards.greenhouse.io/typeform/jobs/7686285
known	Pipeline	Existing	Typeform	Senior Data Platform Engineer	Spain/Germany/Ireland/Netherlands/UK Remote		pipeline	https://job-boards.greenhouse.io/typeform/jobs/7850909
